transc_id,transc_ref,customer_id,branch_id,acc_type,total_bal,transc_amount,invest_amount,invest_type,transac_date,datares_loc,created_at
1,TRX-66944905,786,14,Savings,48962238,2401516,173861,Mutual Fund,4/23/2025,Nigeria,12/1/2025 18:31
2,TRX-23407055,155,6,Domiciliary,1065503,2588431,17471,Bonds,6/29/2026,United States,8/7/2026 9:09
3,TRX-79058172,758,11,Fixed Deposit,4218400,312806,794351,Fixed Deposit,4/25/2025,Nigeria,4/5/2026 3:13
4,TRX-74555631,376,13,Domiciliary,2546727,4326220,0,Mutual Fund,12/12/2025,Nigeria,1/11/2026 7:29
5,TRX-60317157,380,7,Current,22475693,1903806,0,None,12/9/2025,Ireland,7/26/2026 18:07
6,TRX-17085289,660,12,Current,45712637,4849988,1856901,None,1/28/2026,United States,10/31/2025 7:45
7,TRX-47583777,515,12,Domiciliary,49690233,368509,0,Mutual Fund,7/31/2026,Nigeria,3/29/2026 6:51
8,TRX-26698198,407,1,Fixed Deposit,24832128,3751536,630094,Bonds,6/11/2025,Nigeria,4/5/2026 3:46
9,TRX-17252222,573,4,Savings,42720352,4767678,0,Fixed Deposit,7/2/2026,Nigeria,5/30/2026 9:16
10,TRX-21398509,513,8,Savings,895332,1375044,1684391,Fixed Deposit,3/9/2025,Nigeria,9/20/2025 12:56
11,TRX-27955452,782,12,Fixed Deposit,6786846,4126155,0,Bonds,2/4/2025,Nigeria,7/3/2026 6:05
12,TRX-21034886,663,12,Savings,42148806,4281307,0,Treasury Bills,7/5/2025,United States,4/21/2026 1:24
13,TRX-37463939,615,15,Current,38129704,349140,0,Treasury Bills,1/6/2026,Nigeria,7/29/2026 4:56
14,TRX-39051871,564,11,Domiciliary,35045813,4306864,0,Mutual Fund,5/21/2026,Nigeria,6/23/2026 0:56
15,TRX-64965635,286,15,Fixed Deposit,47041976,497957,0,Treasury Bills,1/13/2026,Nigeria,10/7/2025 3:43
16,TRX-21860842,569,14,Fixed Deposit,8518236,2186405,0,Bonds,2/1/2025,Nigeria,3/26/2026 10:08
17,TRX-11388511,469,11,Savings,27772807,4736368,867115,Fixed Deposit,5/7/2025,Nigeria,6/1/2026 7:58
18,TRX-48015836,710,15,Current,7570543,604624,0,Bonds,3/20/2026,Nigeria,5/2/2026 15:12
19,TRX-88790969,302,16,Savings,32964334,4208876,526731,Fixed Deposit,4/24/2026,Nigeria,8/10/2026 8:13
20,TRX-27186453,534,3,Current,25075815,2511975,0,Bonds,7/21/2026,Nigeria,6/24/2026 21:21
21,TRX-09075730,760,1,Current,3533036,3377596,0,Bonds,3/9/2026,United States,4/3/2026 19:04
22,TRX-07210186,458,5,Savings,34497425,4962797,0,Bonds,12/20/2025,United States,4/27/2026 23:47
23,TRX-23534318,355,12,Current,20619803,856485,0,Bonds,1/11/2025,Nigeria,1/5/2026 10:31
24,TRX-34979641,657,15,Current,29963026,2981321,454695,None,7/30/2025,Nigeria,9/11/2025 22:17
25,TRX-39078847,32,5,Domiciliary,31181918,1245256,648599,Bonds,2/2/2026,Ireland,6/25/2026 1:18
26,TRX-17438249,684,8,Savings,33856695,416413,0,Mutual Fund,9/4/2025,Nigeria,2/10/2026 0:53
27,TRX-65873342,636,14,Current,25728965,128644,1261532,Mutual Fund,11/2/2025,Nigeria,6/11/2026 3:26
28,TRX-81509950,141,11,Fixed Deposit,39371816,1324798,1421165,Fixed Deposit,6/22/2026,Nigeria,2/25/2026 10:03
29,TRX-75130057,323,12,Fixed Deposit,27438280,1286234,985150,None,1/31/2025,Nigeria,10/25/2025 17:20
30,TRX-57602212,261,4,Domiciliary,12341170,2836101,956892,Mutual Fund,4/22/2026,Nigeria,12/14/2025 17:15
31,TRX-87513123,696,5,Savings,40830011,3846565,0,Mutual Fund,2/27/2026,United States,10/24/2025 21:51
32,TRX-71154275,381,10,Savings,16615730,2253724,891866,Treasury Bills,10/20/2025,Nigeria,11/21/2025 0:09
33,TRX-31827277,51,6,Fixed Deposit,41886732,277270,204153,Mutual Fund,5/9/2025,Nigeria,10/28/2025 16:39
34,TRX-35974175,130,7,Current,15334180,4076119,209654,None,1/19/2025,Nigeria,11/13/2025 19:20
35,TRX-65633986,281,13,Current,29877154,802929,1192143,Fixed Deposit,6/10/2025,Nigeria,4/23/2026 6:56
36,TRX-57164495,459,5,Domiciliary,15989927,4964689,0,None,4/15/2026,Nigeria,3/27/2026 6:06
37,TRX-44499225,695,1,Fixed Deposit,10908654,817010,1061077,Fixed Deposit,7/15/2025,Ireland,7/14/2026 9:11
38,TRX-05051764,90,9,Current,46704437,961308,0,None,1/29/2025,Nigeria,5/9/2026 7:36
39,TRX-34078439,708,15,Fixed Deposit,17443650,1730374,1873736,Treasury Bills,5/19/2026,Ireland,7/21/2026 4:10
40,TRX-50995844,238,1,Savings,41989150,4354552,928497,Mutual Fund,4/24/2025,United States,7/14/2026 20:32
41,TRX-53400648,290,14,Fixed Deposit,27612747,3259445,0,Mutual Fund,5/6/2025,United States,10/11/2025 19:08
42,TRX-28037740,350,9,Domiciliary,10151178,4054389,0,Fixed Deposit,3/18/2025,Nigeria,11/14/2025 8:10
43,TRX-17575359,685,17,Domiciliary,24280129,4580138,409352,None,7/28/2026,Nigeria,2/5/2026 9:46
44,TRX-31004008,633,8,Current,43223628,1727239,0,Fixed Deposit,12/31/2025,Nigeria,4/7/2026 8:54
45,TRX-34283956,435,10,Domiciliary,17731066,570669,1639336,Mutual Fund,8/1/2026,Nigeria,6/28/2026 17:58
46,TRX-37700272,33,9,Domiciliary,38831518,341729,0,Mutual Fund,4/24/2026,Nigeria,9/21/2025 18:57
47,TRX-98704372,335,16,Domiciliary,10297567,4036535,0,None,2/23/2026,Nigeria,7/31/2026 23:08
48,TRX-00148084,573,4,Fixed Deposit,1322086,4116273,0,Treasury Bills,5/11/2025,United States,4/7/2026 20:58
49,TRX-70404760,212,3,Domiciliary,38280009,4282328,0,Fixed Deposit,11/24/2025,Nigeria,1/31/2026 19:49
50,TRX-00390326,601,4,Fixed Deposit,33248369,15066,325905,None,3/11/2026,Nigeria,1/21/2026 22:22
51,TRX-83412951,264,8,Fixed Deposit,19559438,4908716,1738742,Fixed Deposit,9/26/2025,Ireland,11/24/2025 7:54
52,TRX-54967654,744,1,Savings,7456997,4326699,209307,Fixed Deposit,3/3/2025,Nigeria,3/17/2026 22:56
53,TRX-87830886,288,7,Domiciliary,1944199,1439276,473959,Fixed Deposit,1/3/2026,Nigeria,8/19/2025 0:40
54,TRX-29383264,285,1,Domiciliary,19664825,2509222,0,Fixed Deposit,1/1/2026,Nigeria,9/4/2025 21:02
55,TRX-95598614,578,6,Domiciliary,35003661,687668,140482,Fixed Deposit,7/19/2025,Ireland,9/11/2025 20:29
56,TRX-41344881,254,17,Current,10917367,4746069,704204,Bonds,7/27/2025,Nigeria,4/24/2026 19:58
57,TRX-84062547,80,17,Fixed Deposit,18917693,3316156,0,Bonds,11/22/2025,Nigeria,9/12/2025 11:06
58,TRX-97830994,556,3,Savings,43514723,2567801,0,Mutual Fund,3/24/2025,Ireland,11/14/2025 20:58
59,TRX-63163073,255,11,Current,41433578,1396297,0,Treasury Bills,10/13/2025,Nigeria,10/6/2025 17:12
60,TRX-19873486,635,7,Current,18452714,4070021,0,None,7/27/2025,Ireland,12/24/2025 1:50
61,TRX-52893990,73,10,Current,38232217,261309,1498421,Fixed Deposit,5/1/2025,United States,10/9/2025 22:24
62,TRX-83087545,21,6,Current,49589930,735830,1660183,Fixed Deposit,4/14/2025,United States,7/16/2026 1:43
63,TRX-91981394,306,5,Domiciliary,21004139,327285,0,Bonds,5/3/2025,Nigeria,4/4/2026 6:31
64,TRX-64432613,567,9,Domiciliary,6897376,106611,0,Fixed Deposit,3/3/2025,Nigeria,9/28/2025 6:05
65,TRX-74952103,707,9,Savings,45166437,696372,1368718,Fixed Deposit,8/19/2025,Nigeria,4/25/2026 19:23
66,TRX-81097204,748,13,Domiciliary,8881799,3989092,864899,None,2/25/2025,United States,2/11/2026 15:05
67,TRX-66305885,508,17,Savings,49634992,2230662,0,Bonds,1/29/2025,Nigeria,5/30/2026 8:03
68,TRX-60238087,761,2,Fixed Deposit,28334296,3732882,1131622,Fixed Deposit,7/12/2025,Nigeria,8/22/2025 3:31
69,TRX-07028411,68,17,Domiciliary,4355918,767292,1734427,None,11/19/2025,Nigeria,9/23/2025 12:19
70,TRX-79877772,429,1,Fixed Deposit,9774567,1706206,0,Treasury Bills,11/17/2025,United States,3/30/2026 6:42
71,TRX-29910806,450,1,Savings,22899443,4476896,0,Fixed Deposit,12/10/2025,United States,2/24/2026 8:41
72,TRX-29418290,60,6,Domiciliary,12588227,3837293,0,None,7/3/2026,United States,4/28/2026 18:46
73,TRX-89590798,740,15,Current,5704203,944043,0,Bonds,6/16/2025,Nigeria,6/12/2026 10:53
74,TRX-83802855,378,2,Savings,49349900,2910203,1281500,Fixed Deposit,6/10/2025,United States,11/11/2025 8:10
75,TRX-67208928,145,8,Savings,7811369,4043417,0,Fixed Deposit,6/8/2025,Nigeria,7/7/2026 18:41
76,TRX-43204045,731,6,Domiciliary,15019438,3684763,675943,Fixed Deposit,8/3/2025,Nigeria,11/7/2025 15:11
77,TRX-43388101,564,11,Current,4550796,3745562,0,Mutual Fund,6/1/2025,Nigeria,1/13/2026 3:05
78,TRX-92745996,351,17,Savings,34671407,356252,0,Fixed Deposit,8/12/2025,Nigeria,10/8/2025 11:58
79,TRX-63792355,598,11,Domiciliary,29535780,3008945,567169,Mutual Fund,3/31/2025,Nigeria,5/4/2026 15:40
80,TRX-29175269,567,9,Current,2526145,2034165,404440,None,3/3/2025,Nigeria,11/6/2025 15:16
81,TRX-31891934,523,17,Savings,22975750,409036,279641,Bonds,10/21/2025,United States,8/21/2025 8:18
82,TRX-20446657,501,16,Fixed Deposit,31587319,3889898,672934,Mutual Fund,11/7/2025,United States,3/11/2026 7:17
83,TRX-88648316,663,12,Savings,23025419,4198444,0,Treasury Bills,4/3/2026,Nigeria,6/26/2026 19:50
84,TRX-40168481,625,9,Savings,31628228,3558994,844352,Treasury Bills,2/12/2025,Nigeria,1/2/2026 5:23
85,TRX-74727438,75,17,Domiciliary,22050333,1503807,1039378,Mutual Fund,3/5/2026,United States,1/19/2026 9:38
86,TRX-46125116,709,16,Fixed Deposit,15436749,2257774,1283328,Fixed Deposit,4/14/2026,Nigeria,12/26/2025 3:48
87,TRX-77682336,319,8,Domiciliary,4676311,1636200,1997474,Mutual Fund,8/24/2025,United States,7/18/2026 15:47
88,TRX-13242548,387,5,Fixed Deposit,40753676,4712522,190963,Bonds,2/12/2025,Nigeria,5/16/2026 14:22
89,TRX-07143772,567,9,Fixed Deposit,1001774,2643286,0,None,6/27/2025,United States,9/24/2025 12:58
90,TRX-36468692,799,7,Domiciliary,44498335,1902009,114815,Mutual Fund,1/20/2025,Nigeria,4/9/2026 9:49
91,TRX-84968081,245,13,Savings,36605656,3941881,1690,Mutual Fund,2/17/2025,Nigeria,4/3/2026 18:23
92,TRX-44880172,466,3,Savings,7132694,182505,0,None,4/18/2025,Nigeria,12/15/2025 8:57
93,TRX-16625329,704,3,Domiciliary,15243333,3417875,0,Treasury Bills,4/23/2025,Nigeria,5/18/2026 3:14
94,TRX-98258041,520,18,Savings,30655252,58851,1763972,Fixed Deposit,3/14/2025,Nigeria,3/19/2026 0:16
95,TRX-12438541,209,9,Fixed Deposit,21058835,4087028,0,Bonds,1/23/2026,United States,1/13/2026 16:48
96,TRX-94267231,444,8,Savings,10877317,1846903,0,Bonds,6/17/2026,Nigeria,8/26/2025 15:26
97,TRX-48865865,597,9,Savings,13021683,4568110,187022,Treasury Bills,1/13/2026,Ireland,11/25/2025 4:26
98,TRX-98471396,138,5,Fixed Deposit,3275791,2680919,1937353,Treasury Bills,3/25/2026,Nigeria,7/22/2026 1:05
99,TRX-16125237,10,2,Savings,32902255,3727126,0,None,3/18/2025,United States,8/11/2026 20:35
100,TRX-77740329,586,1,Savings,18875380,4264518,1930577,Mutual Fund,9/27/2025,Ireland,12/2/2025 17:39
101,TRX-72411440,70,14,Domiciliary,44296877,4154784,0,Fixed Deposit,2/2/2026,Nigeria,3/30/2026 13:32
102,TRX-11023145,573,4,Current,13160940,2853387,0,Treasury Bills,7/6/2025,Nigeria,8/9/2026 23:22
103,TRX-00355506,678,9,Fixed Deposit,12650357,4851861,0,Fixed Deposit,3/18/2026,Nigeria,4/16/2026 8:08
104,TRX-90520633,285,1,Fixed Deposit,1911039,989200,1249323,None,1/6/2025,Nigeria,2/11/2026 5:03
105,TRX-78880209,621,8,Domiciliary,5728085,1411492,0,Bonds,9/15/2025,Nigeria,5/29/2026 12:47
106,TRX-91782702,518,10,Savings,45247763,1416491,0,Bonds,7/3/2025,Nigeria,6/1/2026 2:19
107,TRX-86694696,65,14,Domiciliary,45294262,1699712,319175,Mutual Fund,12/30/2025,Nigeria,1/11/2026 11:43
108,TRX-27131457,34,12,Fixed Deposit,46894566,2704641,0,None,8/19/2025,Nigeria,2/17/2026 6:17
109,TRX-21338962,365,6,Savings,15495924,3770418,0,Treasury Bills,2/27/2025,Nigeria,10/2/2025 2:26
110,TRX-02014877,340,11,Fixed Deposit,23143597,3999213,0,Fixed Deposit,6/11/2025,Nigeria,12/30/2025 14:23
111,TRX-36104696,63,6,Fixed Deposit,8843329,910613,526219,Bonds,9/20/2025,Nigeria,11/30/2025 5:18
112,TRX-92030585,444,8,Fixed Deposit,8704633,372421,0,Treasury Bills,3/24/2025,United States,10/22/2025 8:10
113,TRX-77408828,520,18,Domiciliary,34007960,4803669,0,Fixed Deposit,12/1/2025,Nigeria,9/18/2025 11:42
114,TRX-94393324,69,9,Current,30200514,3635759,0,Bonds,11/1/2025,Nigeria,6/10/2026 14:22
115,TRX-08869172,214,12,Domiciliary,26480064,1044571,0,None,4/5/2026,Nigeria,2/22/2026 21:49
116,TRX-60780664,168,6,Current,29864378,3220099,1412836,Bonds,12/23/2025,Ireland,4/10/2026 18:44
117,TRX-35352217,631,11,Fixed Deposit,48454568,3974387,0,Fixed Deposit,12/5/2025,Nigeria,10/17/2025 17:01
118,TRX-42031137,168,6,Domiciliary,43967255,3090496,0,None,3/20/2025,Nigeria,1/29/2026 11:02
119,TRX-94440209,309,7,Savings,8792078,544022,0,None,11/3/2025,Nigeria,7/21/2026 7:56
120,TRX-42591638,348,10,Domiciliary,46788646,3594153,0,Treasury Bills,5/17/2025,United States,3/3/2026 14:30
121,TRX-05833256,90,9,Fixed Deposit,49434925,2464279,339313,Treasury Bills,1/19/2025,Nigeria,9/30/2025 11:00
122,TRX-65480931,582,13,Current,46377750,479095,116903,Fixed Deposit,5/5/2025,United States,11/25/2025 17:40
123,TRX-25827938,673,9,Savings,39360112,4357636,0,Treasury Bills,8/6/2025,Nigeria,5/19/2026 18:25
124,TRX-20447115,350,9,Domiciliary,5362965,121820,0,Bonds,8/29/2025,Nigeria,11/27/2025 0:39
125,TRX-20574685,166,18,Savings,33698774,1534390,169114,Bonds,4/14/2026,Nigeria,1/15/2026 23:18
126,TRX-52269369,402,12,Fixed Deposit,8774835,1305052,0,Treasury Bills,5/24/2026,Nigeria,2/14/2026 9:56
127,TRX-75338723,375,10,Savings,20751444,3103702,3653,Treasury Bills,2/5/2026,United States,3/5/2026 12:04
128,TRX-69764566,466,3,Current,34186483,3059492,1767569,Treasury Bills,3/4/2025,Nigeria,8/6/2026 4:29
129,TRX-09930552,746,13,Current,47070270,2368092,0,Fixed Deposit,5/14/2026,Nigeria,1/10/2026 22:30
130,TRX-64967006,226,16,Fixed Deposit,47044176,3539082,0,Treasury Bills,3/16/2025,Nigeria,7/17/2026 16:09
131,TRX-99580530,246,10,Domiciliary,1761059,1550460,1321269,None,8/27/2025,Nigeria,6/9/2026 2:14
132,TRX-83622553,462,3,Current,27063085,3535264,152107,Treasury Bills,12/27/2025,Nigeria,1/30/2026 3:22
133,TRX-29169451,328,11,Savings,24246471,2988058,0,None,1/31/2026,Nigeria,6/7/2026 21:20
134,TRX-05484467,751,7,Current,3303297,4233393,0,Mutual Fund,6/3/2026,Nigeria,11/21/2025 12:29
135,TRX-27968868,84,5,Savings,40362147,2327072,0,Mutual Fund,2/2/2026,Nigeria,8/11/2026 11:44
136,TRX-40681770,173,10,Domiciliary,49326040,1820985,0,Fixed Deposit,2/3/2025,Nigeria,9/22/2025 11:40
137,TRX-35526098,65,14,Domiciliary,10034021,1363986,0,None,8/4/2025,Nigeria,2/28/2026 6:00
138,TRX-80387097,157,12,Savings,7755759,1629234,1621359,Treasury Bills,1/14/2026,Nigeria,8/10/2026 2:52
139,TRX-29140576,400,2,Fixed Deposit,40231721,1897813,21032,Treasury Bills,3/1/2025,Nigeria,10/14/2025 16:01
140,TRX-93923913,688,8,Current,35044730,3710834,0,None,5/17/2025,Nigeria,11/27/2025 4:54
141,TRX-47183938,630,16,Domiciliary,18080481,3677527,140833,Mutual Fund,4/6/2026,Nigeria,12/13/2025 17:09
142,TRX-31166424,730,7,Fixed Deposit,4517958,4604660,0,Bonds,10/18/2025,United States,9/21/2025 20:31
143,TRX-20004595,295,5,Domiciliary,43935323,2273168,0,None,2/7/2025,Nigeria,4/7/2026 2:21
144,TRX-94228529,795,14,Domiciliary,36699962,522486,1084037,None,6/5/2025,Nigeria,7/2/2026 6:11
145,TRX-77485472,331,5,Domiciliary,14329452,2354647,0,Bonds,5/17/2025,United States,5/15/2026 16:05
146,TRX-73572646,694,1,Current,47183475,4005021,1595142,Mutual Fund,3/13/2026,Nigeria,10/15/2025 6:16
147,TRX-93902413,499,3,Domiciliary,9929022,2955942,476450,None,4/7/2026,Ireland,6/13/2026 12:26
148,TRX-06501429,108,12,Current,43549559,1474295,1649222,Bonds,9/6/2025,Nigeria,3/9/2026 18:36
149,TRX-75611850,40,14,Savings,24555644,4318983,240200,Treasury Bills,3/1/2026,Nigeria,7/16/2026 17:40
150,TRX-91479083,231,9,Domiciliary,17865279,3895261,473160,Mutual Fund,2/14/2026,Nigeria,5/3/2026 17:49
151,TRX-13430311,471,5,Fixed Deposit,26870299,3037243,0,None,1/27/2026,Nigeria,4/17/2026 11:04
152,TRX-43807135,504,5,Savings,36857349,3074897,357921,Fixed Deposit,3/10/2026,United States,1/14/2026 11:15
153,TRX-90946003,121,18,Domiciliary,32884402,3610411,811893,None,5/14/2025,United States,8/14/2026 19:32
154,TRX-63528907,216,12,Domiciliary,20099686,4205730,1630535,Bonds,4/2/2026,Nigeria,1/30/2026 20:25
155,TRX-54649384,347,1,Savings,37450825,1981885,0,None,7/3/2026,Nigeria,8/27/2025 20:09
156,TRX-03774421,455,10,Domiciliary,15448388,4367806,0,Fixed Deposit,4/26/2026,Nigeria,7/18/2026 14:02
157,TRX-20647260,162,15,Savings,32991955,3290902,0,Bonds,5/8/2025,Nigeria,5/9/2026 15:46
158,TRX-60256717,91,12,Domiciliary,19525660,661980,1215557,Fixed Deposit,3/26/2026,United States,11/20/2025 13:50
159,TRX-33274719,278,16,Fixed Deposit,38735641,1015999,1571640,Bonds,9/2/2025,Nigeria,12/10/2025 12:42
160,TRX-83511972,634,12,Domiciliary,42103374,3569960,0,None,1/25/2025,Nigeria,7/16/2026 1:25
161,TRX-34591496,219,3,Savings,12234542,3458556,227593,None,3/10/2025,United States,6/12/2026 8:49
162,TRX-82385784,289,13,Domiciliary,5339138,4153525,1491688,Mutual Fund,2/27/2026,United States,4/23/2026 0:42
163,TRX-17382382,49,17,Current,6426643,3467712,854459,None,3/12/2025,Nigeria,10/27/2025 8:33
164,TRX-38921921,238,1,Current,41750618,3801138,1792204,Fixed Deposit,7/18/2026,Nigeria,3/18/2026 15:49
165,TRX-03646126,303,18,Fixed Deposit,37885936,225233,0,None,10/7/2025,Nigeria,6/14/2026 6:53
166,TRX-10683122,620,15,Savings,17135844,3063785,0,Treasury Bills,5/18/2025,Nigeria,1/28/2026 0:52
167,TRX-67369217,539,1,Domiciliary,9952803,894977,1572731,Treasury Bills,12/2/2025,Nigeria,4/4/2026 13:59
168,TRX-26280772,619,1,Domiciliary,6304625,1564791,1122224,Bonds,6/25/2026,Nigeria,11/27/2025 22:44
169,TRX-03446328,491,12,Domiciliary,33893408,1369026,0,None,2/7/2025,Nigeria,7/21/2026 7:23
170,TRX-72725178,72,18,Domiciliary,32136990,4587355,209876,Bonds,1/5/2025,Nigeria,2/23/2026 20:55
171,TRX-17187149,541,14,Fixed Deposit,413900,2098099,0,None,4/18/2026,Nigeria,6/15/2026 17:42
172,TRX-16646344,20,9,Domiciliary,45412715,68588,1553301,None,2/9/2025,Nigeria,11/28/2025 10:55
173,TRX-72014853,280,18,Domiciliary,24587788,4066493,1989112,Fixed Deposit,3/17/2026,Nigeria,4/3/2026 17:04
174,TRX-47490591,441,6,Savings,27827462,966802,1311120,Treasury Bills,3/22/2025,Ireland,2/26/2026 5:48
175,TRX-62625829,759,17,Current,19104715,3324860,0,None,2/4/2026,United States,12/16/2025 17:21
176,TRX-15101851,28,2,Fixed Deposit,39125491,757888,0,Fixed Deposit,5/12/2025,Nigeria,9/13/2025 8:45
177,TRX-04861270,482,15,Fixed Deposit,13607108,2486337,0,Fixed Deposit,5/27/2026,Ireland,3/1/2026 1:07
178,TRX-23981239,450,1,Domiciliary,23648101,4423592,312547,Bonds,8/9/2025,Nigeria,6/21/2026 3:31
179,TRX-17012435,781,14,Fixed Deposit,26018874,2516309,47770,None,5/12/2025,Nigeria,3/15/2026 7:37
180,TRX-44475745,298,13,Domiciliary,24588325,4009724,0,Mutual Fund,5/19/2025,Nigeria,9/7/2025 7:11
181,TRX-00308959,140,13,Domiciliary,30612013,2954852,0,Fixed Deposit,3/17/2025,Nigeria,10/3/2025 19:14
182,TRX-43479645,569,14,Savings,47829577,3506696,0,Treasury Bills,8/24/2025,Nigeria,8/13/2026 18:30
183,TRX-15823662,694,1,Fixed Deposit,41643947,4634826,0,Treasury Bills,5/3/2026,Nigeria,12/30/2025 7:10
184,TRX-73315594,652,13,Savings,29460076,373225,886892,Treasury Bills,9/10/2025,Nigeria,8/15/2026 5:07
185,TRX-73119630,331,5,Savings,13637040,4878954,0,Bonds,5/23/2025,Nigeria,1/26/2026 5:50
186,TRX-40231909,235,15,Domiciliary,36866264,2961430,0,None,5/7/2026,United States,7/30/2026 17:15
187,TRX-07163113,200,5,Fixed Deposit,18693624,4243312,0,Fixed Deposit,3/5/2025,Nigeria,7/30/2026 11:38
188,TRX-22515732,450,1,Fixed Deposit,25461099,3898017,1948727,None,7/3/2025,Nigeria,3/30/2026 9:47
189,TRX-82938792,109,6,Savings,2543497,4258246,0,Mutual Fund,9/30/2025,Nigeria,7/16/2026 7:27
190,TRX-85324884,608,16,Savings,49457302,4097462,906137,Mutual Fund,3/19/2025,Nigeria,10/19/2025 10:44
191,TRX-57978476,772,2,Fixed Deposit,20846581,968027,0,None,8/9/2025,United States,6/27/2026 16:23
192,TRX-22833821,141,11,Current,10209285,4927242,764966,Fixed Deposit,6/23/2025,Nigeria,3/16/2026 21:21
193,TRX-94858245,358,7,Savings,22765682,3138054,607545,Treasury Bills,2/18/2026,Nigeria,5/23/2026 18:25
194,TRX-93889199,275,1,Savings,38789402,1891206,1257952,Mutual Fund,2/26/2025,Nigeria,9/20/2025 21:01
195,TRX-69168383,460,12,Fixed Deposit,26605781,2890557,322761,Mutual Fund,2/7/2025,Nigeria,3/19/2026 6:56
196,TRX-70058917,771,7,Fixed Deposit,29898676,187434,0,Bonds,5/29/2025,United States,2/14/2026 9:28
197,TRX-33907875,195,12,Savings,28332914,882846,9755,Bonds,7/19/2026,Nigeria,9/27/2025 0:02
198,TRX-28444795,407,1,Domiciliary,36993919,1990016,1265660,Mutual Fund,4/27/2026,Nigeria,10/28/2025 17:31
199,TRX-21833723,261,4,Domiciliary,45652248,3300756,0,Mutual Fund,12/22/2025,United States,7/31/2026 10:14
200,TRX-75874965,446,4,Savings,47008676,1909085,0,Mutual Fund,6/29/2026,United States,3/23/2026 19:43
201,TRX-78797406,463,2,Domiciliary,38124631,1056354,433825,Mutual Fund,7/29/2026,Nigeria,8/17/2025 13:06
202,TRX-44078060,786,14,Savings,21525384,2674768,0,Mutual Fund,5/2/2026,Nigeria,7/19/2026 3:08
203,TRX-11673562,121,18,Domiciliary,41181651,1084434,0,Mutual Fund,2/22/2026,Ireland,10/14/2025 12:23
204,TRX-09568910,629,9,Savings,5555726,3442368,951102,None,5/8/2025,Ireland,9/26/2025 20:06
205,TRX-30829893,64,15,Fixed Deposit,49542303,4873240,0,Treasury Bills,6/16/2026,Nigeria,9/14/2025 8:38
206,TRX-69571772,398,17,Current,32593532,1683583,4321,None,2/11/2025,Nigeria,9/1/2025 2:16
207,TRX-82411647,173,10,Fixed Deposit,42073896,3400782,0,None,9/25/2025,Nigeria,12/31/2025 10:09
208,TRX-37644241,1,12,Current,12649274,720684,0,None,2/16/2025,Nigeria,2/25/2026 5:41
209,TRX-69044886,114,4,Domiciliary,11557295,889787,1838165,Treasury Bills,7/9/2026,Nigeria,5/1/2026 19:52
210,TRX-50479205,709,16,Fixed Deposit,6151950,337931,0,Fixed Deposit,7/18/2025,Nigeria,11/11/2025 16:17
211,TRX-35989291,378,2,Fixed Deposit,19043229,1285905,0,Treasury Bills,4/24/2026,United States,8/5/2026 11:03
212,TRX-19963520,589,3,Fixed Deposit,39104244,2728477,0,None,3/8/2026,Nigeria,12/28/2025 18:11
213,TRX-68666479,690,11,Current,21075821,3123806,1304361,Fixed Deposit,9/1/2025,Nigeria,9/1/2025 3:46
214,TRX-58651385,50,1,Current,11809065,2071114,1141867,Bonds,5/24/2025,United States,12/10/2025 13:44
215,TRX-07840864,149,12,Savings,38231534,2804459,0,Bonds,11/8/2025,Nigeria,2/1/2026 15:18
216,TRX-91287253,159,4,Current,168856,4488617,512177,Treasury Bills,7/19/2025,United States,7/4/2026 4:11
217,TRX-53564929,151,18,Savings,47573895,2889042,0,None,3/9/2025,Nigeria,6/28/2026 16:49
218,TRX-99638126,657,15,Current,31380905,155044,0,Mutual Fund,1/1/2025,Nigeria,4/16/2026 23:27
219,TRX-50145520,548,3,Current,44916139,162696,0,Mutual Fund,6/10/2025,Nigeria,6/22/2026 23:45
220,TRX-07816973,457,12,Domiciliary,46374125,531879,1854381,None,1/19/2025,Nigeria,12/12/2025 13:34
221,TRX-06787375,52,10,Current,10041075,1003876,0,Fixed Deposit,8/29/2025,Nigeria,2/4/2026 17:38
222,TRX-84878072,82,15,Savings,24198629,1066119,0,Treasury Bills,1/9/2026,Nigeria,12/4/2025 13:30
223,TRX-54307945,173,10,Domiciliary,38632165,414515,890311,Treasury Bills,11/8/2025,Nigeria,1/6/2026 15:17
224,TRX-32307481,780,11,Savings,13216194,3729907,0,Fixed Deposit,4/24/2026,United States,12/18/2025 3:43
225,TRX-42898442,340,11,Fixed Deposit,32931112,3508933,0,Mutual Fund,8/24/2025,Nigeria,2/11/2026 7:03
226,TRX-66390875,433,6,Domiciliary,8223258,4987919,0,None,8/23/2025,Nigeria,4/8/2026 23:28
227,TRX-42527565,12,15,Fixed Deposit,12816587,4812259,0,Mutual Fund,2/3/2026,United States,11/8/2025 8:36
228,TRX-80291223,284,3,Domiciliary,10203943,3942797,1798838,Fixed Deposit,3/5/2025,Nigeria,7/9/2026 5:44
229,TRX-57939768,576,2,Savings,49878061,617632,1724619,Treasury Bills,4/28/2026,Nigeria,3/23/2026 7:10
230,TRX-40319297,667,4,Fixed Deposit,40936216,4869610,504511,Treasury Bills,5/2/2026,Nigeria,6/15/2026 1:01
231,TRX-86572999,713,14,Fixed Deposit,17048093,3866744,0,Bonds,6/27/2026,Nigeria,10/16/2025 23:08
232,TRX-85396000,463,2,Domiciliary,38639364,4943319,925496,None,5/16/2026,Nigeria,8/5/2026 4:20
233,TRX-46987331,703,6,Current,37100785,2427654,1778087,Mutual Fund,4/5/2025,United States,6/8/2026 3:21
234,TRX-12929105,781,14,Domiciliary,3091263,4775707,0,Fixed Deposit,4/23/2026,Nigeria,5/18/2026 17:53
235,TRX-97421454,639,3,Savings,44656895,3054770,0,Fixed Deposit,7/10/2026,Nigeria,6/3/2026 13:46
236,TRX-74566436,106,2,Fixed Deposit,23386130,342298,0,Bonds,2/20/2026,Nigeria,2/18/2026 3:53
237,TRX-46267352,754,12,Domiciliary,27201644,2722063,0,Bonds,4/7/2026,United States,2/12/2026 7:28
238,TRX-31346247,529,8,Savings,26064851,1851047,0,None,2/1/2025,Nigeria,7/29/2026 0:34
239,TRX-00580046,549,5,Fixed Deposit,39245707,1713560,139767,Mutual Fund,11/8/2025,Ireland,5/2/2026 10:42
240,TRX-67456729,510,5,Current,9785705,4701768,0,Fixed Deposit,4/6/2025,Nigeria,4/2/2026 23:26
241,TRX-78740946,52,10,Fixed Deposit,37293479,4804120,0,None,8/11/2025,United States,11/21/2025 5:22
242,TRX-62242205,762,14,Fixed Deposit,4982032,4699472,135292,Treasury Bills,10/18/2025,Ireland,1/30/2026 7:18
243,TRX-83709515,168,6,Domiciliary,43308477,344631,0,Treasury Bills,7/29/2026,Nigeria,2/21/2026 10:47
244,TRX-63123016,59,2,Savings,16089214,2493613,0,None,1/7/2025,Nigeria,7/30/2026 20:27
245,TRX-39286120,712,4,Fixed Deposit,37812714,3597021,0,Mutual Fund,6/7/2026,Nigeria,4/20/2026 14:41
246,TRX-16404104,595,7,Savings,7929475,230003,1425472,Fixed Deposit,6/8/2026,Nigeria,9/21/2025 22:14
247,TRX-86446246,723,3,Fixed Deposit,32246491,1579913,0,None,1/10/2025,Nigeria,2/27/2026 22:11
248,TRX-76407278,586,1,Fixed Deposit,4289459,2763905,0,Treasury Bills,2/8/2026,Nigeria,2/25/2026 18:47
249,TRX-63384861,360,14,Fixed Deposit,20027217,4988584,1211535,Treasury Bills,2/2/2026,Nigeria,7/27/2026 2:41
250,TRX-17314353,558,13,Domiciliary,35903956,876388,836098,Bonds,9/21/2025,Nigeria,2/18/2026 11:03
251,TRX-76911107,190,10,Domiciliary,18768476,4355443,0,None,4/21/2026,Nigeria,10/12/2025 21:30
252,TRX-87498881,255,11,Savings,12273911,219619,1303806,Treasury Bills,6/20/2026,Nigeria,12/19/2025 23:56
253,TRX-69551074,145,8,Savings,36916993,705619,906077,Mutual Fund,5/30/2026,Nigeria,4/22/2026 10:13
254,TRX-03377527,226,16,Fixed Deposit,22403241,1344769,0,Fixed Deposit,6/17/2025,United States,9/26/2025 20:45
255,TRX-25079670,241,8,Domiciliary,16216862,2694890,0,Treasury Bills,3/14/2026,Ireland,12/13/2025 6:12
256,TRX-65673712,169,8,Savings,7256883,114283,1185725,Treasury Bills,1/28/2025,United States,7/15/2026 19:58
257,TRX-32954298,335,16,Fixed Deposit,20122279,3577234,0,Fixed Deposit,11/22/2025,Nigeria,10/18/2025 19:49
258,TRX-08969114,348,10,Fixed Deposit,49406375,3648276,0,Treasury Bills,2/13/2026,Nigeria,12/29/2025 22:21
259,TRX-65122314,254,17,Savings,30909527,2197009,0,Treasury Bills,3/10/2025,United States,3/30/2026 3:11
260,TRX-75449279,687,1,Savings,35823120,2648677,0,Bonds,5/20/2026,Nigeria,6/17/2026 18:10
261,TRX-92995521,743,16,Savings,49361832,227896,102167,Treasury Bills,11/27/2025,Nigeria,1/29/2026 18:51
262,TRX-23473411,553,13,Current,19724535,4459293,124021,Mutual Fund,2/12/2026,Nigeria,5/1/2026 17:34
263,TRX-26226939,691,14,Savings,18056366,485843,0,Fixed Deposit,1/23/2025,United States,7/28/2026 5:08
264,TRX-47363088,302,16,Current,25763609,4511791,82155,Mutual Fund,2/12/2026,United States,11/2/2025 15:19
265,TRX-89144822,761,2,Fixed Deposit,43141621,4187780,1455532,None,7/25/2025,United States,6/18/2026 19:10
266,TRX-46745562,84,5,Domiciliary,17125646,1034051,0,Mutual Fund,3/29/2025,United States,8/8/2026 13:55
267,TRX-56923857,738,17,Current,19756397,2899163,0,Bonds,1/1/2025,Nigeria,9/29/2025 22:40
268,TRX-25719629,559,10,Domiciliary,10179273,4825639,0,Treasury Bills,8/24/2025,Nigeria,4/19/2026 4:50
269,TRX-57702323,260,5,Savings,39073517,2136577,1793298,Bonds,5/3/2026,United States,8/14/2026 20:18
270,TRX-84465718,397,12,Savings,38230478,713006,1217392,Mutual Fund,6/6/2026,Nigeria,1/21/2026 19:32
271,TRX-26944743,12,15,Current,27746742,3817573,0,Treasury Bills,3/29/2025,Nigeria,3/6/2026 3:11
272,TRX-82911309,566,2,Fixed Deposit,11802398,2026375,0,None,7/18/2025,Ireland,7/25/2026 0:37
273,TRX-46890521,641,5,Savings,24727341,4004719,1355037,None,2/20/2025,Nigeria,9/5/2025 21:54
274,TRX-44732799,490,8,Domiciliary,23887155,4903474,0,Treasury Bills,4/8/2025,Nigeria,3/27/2026 22:40
275,TRX-35293135,646,14,Current,7744411,3298982,0,None,3/9/2025,United States,5/28/2026 16:22
276,TRX-14317786,71,12,Savings,41724274,778246,0,Bonds,7/15/2025,United States,6/13/2026 10:50
277,TRX-32091075,474,17,Savings,44265645,2582708,325475,None,2/9/2026,Ireland,9/11/2025 18:44
278,TRX-43307553,373,10,Current,22836269,4056825,13632,Bonds,6/25/2025,Ireland,4/9/2026 1:10
279,TRX-08516639,662,6,Domiciliary,12939947,4458436,0,Mutual Fund,8/5/2025,United States,2/14/2026 23:59
280,TRX-81988635,796,17,Domiciliary,32863926,3434693,987019,Treasury Bills,1/3/2025,Nigeria,1/9/2026 5:18
281,TRX-03248624,403,17,Savings,45983254,4375270,1634907,Bonds,6/10/2025,Nigeria,12/28/2025 13:47
282,TRX-70495126,152,12,Current,3421268,2927583,1822664,Mutual Fund,4/3/2025,Nigeria,2/26/2026 2:56
283,TRX-40891829,470,18,Fixed Deposit,8793127,3097980,882448,None,4/7/2025,United States,12/15/2025 22:58
284,TRX-05038476,232,6,Fixed Deposit,26456267,3780716,0,Mutual Fund,10/10/2025,Ireland,10/19/2025 4:13
285,TRX-41567247,400,2,Domiciliary,10822105,1719951,1582253,Bonds,7/5/2026,Nigeria,7/17/2026 20:29
286,TRX-92521854,112,13,Current,10045824,2522603,1235876,Mutual Fund,4/12/2025,Nigeria,3/4/2026 5:13
287,TRX-72375506,104,2,Savings,14723792,2554563,0,None,7/25/2026,Nigeria,12/23/2025 2:13
288,TRX-28945246,646,14,Domiciliary,12544698,1268779,0,Treasury Bills,1/13/2025,Nigeria,8/3/2026 16:19
289,TRX-08073808,484,7,Domiciliary,26991213,3190165,0,None,1/11/2025,Nigeria,1/29/2026 23:15
290,TRX-52026919,264,8,Savings,32868750,2645650,1788002,Treasury Bills,3/4/2025,United States,1/3/2026 7:50
291,TRX-86209242,692,17,Fixed Deposit,41345314,1124041,642908,Treasury Bills,11/18/2025,Nigeria,6/4/2026 14:14
292,TRX-77375925,2,1,Current,31287636,4289954,0,Bonds,11/11/2025,Nigeria,7/23/2026 12:40
293,TRX-96666135,528,3,Domiciliary,11986640,3096436,1881219,Bonds,2/13/2026,Nigeria,10/29/2025 10:39
294,TRX-81438518,554,1,Savings,34904149,1615982,932049,Fixed Deposit,5/11/2026,Nigeria,9/8/2025 3:29
295,TRX-83198903,626,4,Current,49994277,4739096,0,Treasury Bills,4/1/2025,Nigeria,5/29/2026 3:33
296,TRX-67885144,253,5,Fixed Deposit,24868463,591008,393620,Treasury Bills,1/18/2025,Nigeria,11/6/2025 14:15
297,TRX-84762218,545,6,Domiciliary,37147210,2985628,0,Fixed Deposit,5/25/2025,Nigeria,8/24/2025 22:42
298,TRX-10616037,113,7,Savings,27132181,4257794,806981,Mutual Fund,7/2/2026,Nigeria,3/25/2026 8:10
299,TRX-44094305,684,8,Domiciliary,28052983,4482007,841263,Mutual Fund,2/22/2026,Nigeria,9/21/2025 14:57
300,TRX-44238334,457,12,Fixed Deposit,5176170,1822282,0,Treasury Bills,3/28/2025,Nigeria,6/12/2026 22:24
301,TRX-46130170,750,4,Fixed Deposit,30153269,1002455,0,Bonds,8/17/2025,Nigeria,11/18/2025 10:11
302,TRX-98264873,239,13,Fixed Deposit,31222564,1623939,319516,Bonds,7/20/2026,Nigeria,1/24/2026 17:26
303,TRX-37173545,285,1,Current,48625685,4521584,0,Bonds,7/13/2025,Nigeria,12/8/2025 12:50
304,TRX-24276751,73,10,Savings,25821238,4800019,0,None,3/5/2025,Ireland,5/24/2026 14:59
305,TRX-25124221,81,2,Fixed Deposit,31717697,1038491,1142464,Treasury Bills,5/29/2025,Ireland,10/2/2025 2:15
306,TRX-70305998,407,1,Current,31997972,3375747,1032916,Mutual Fund,2/18/2025,Ireland,5/26/2026 8:58
307,TRX-34458211,261,4,Domiciliary,19506402,621420,1555269,Fixed Deposit,10/29/2025,Ireland,9/18/2025 6:47
308,TRX-71722510,205,14,Current,28824476,3673812,135190,Treasury Bills,6/17/2025,United States,4/12/2026 23:34
309,TRX-81017150,696,5,Fixed Deposit,874749,2123616,0,Bonds,3/19/2025,Nigeria,9/21/2025 19:02
310,TRX-09518798,588,18,Current,20807697,69090,0,Mutual Fund,5/2/2025,Nigeria,7/15/2026 14:20
311,TRX-87142585,79,16,Savings,31320942,1902770,0,Treasury Bills,3/7/2025,United States,6/17/2026 6:29
312,TRX-57110713,521,11,Current,2738738,4348030,1434289,Treasury Bills,1/19/2026,Nigeria,3/6/2026 10:49
313,TRX-77161052,627,8,Fixed Deposit,30774840,111868,1397285,Bonds,7/15/2026,Nigeria,9/21/2025 14:07
314,TRX-71826882,333,12,Domiciliary,24251569,403561,0,Treasury Bills,3/20/2025,Nigeria,1/26/2026 9:50
315,TRX-90013932,710,15,Fixed Deposit,39057531,60364,390164,Mutual Fund,9/13/2025,Nigeria,3/14/2026 15:54
316,TRX-80735408,576,2,Fixed Deposit,12150702,3066345,0,Mutual Fund,1/16/2026,Nigeria,5/5/2026 11:52
317,TRX-29521078,425,4,Current,48690004,1582904,1225726,Fixed Deposit,4/30/2026,Nigeria,12/26/2025 4:22
318,TRX-88810502,456,12,Domiciliary,48506283,2469719,0,None,4/15/2025,United States,5/28/2026 6:02
319,TRX-54066421,261,4,Savings,5857644,1864570,0,Fixed Deposit,12/30/2025,Nigeria,8/30/2025 14:42
320,TRX-25661290,730,7,Savings,11395856,1708549,0,Bonds,4/2/2025,Nigeria,12/15/2025 15:04
321,TRX-48692600,171,3,Current,13525047,895213,1479865,Mutual Fund,12/10/2025,Nigeria,6/11/2026 22:53
322,TRX-06223503,190,10,Domiciliary,45654473,1825818,106438,Treasury Bills,2/11/2025,Nigeria,8/10/2026 13:48
323,TRX-28096129,255,11,Current,12177239,3415048,0,Mutual Fund,7/21/2025,United States,4/6/2026 16:38
324,TRX-80835811,246,10,Domiciliary,14205179,4903703,0,Mutual Fund,6/11/2025,Nigeria,8/14/2026 20:43
325,TRX-53997066,768,8,Current,3969044,4914186,369205,Treasury Bills,2/6/2026,Nigeria,5/28/2026 0:32
326,TRX-03447748,689,15,Current,37914198,4398228,0,Mutual Fund,4/14/2026,Nigeria,12/1/2025 15:28
327,TRX-00119128,695,1,Fixed Deposit,17973075,3238454,0,Mutual Fund,12/19/2025,Nigeria,10/21/2025 4:30
328,TRX-10057703,482,15,Fixed Deposit,16443485,2830547,960980,Bonds,2/4/2026,Nigeria,8/14/2026 19:47
329,TRX-79727764,767,14,Domiciliary,31022923,3716761,660493,Treasury Bills,6/22/2025,Nigeria,6/7/2026 12:35
330,TRX-98268885,224,5,Domiciliary,45186484,2416053,1029467,Treasury Bills,5/17/2026,Nigeria,2/18/2026 22:04
331,TRX-04334087,566,2,Domiciliary,2245234,2318572,1605592,Fixed Deposit,5/19/2026,Nigeria,6/7/2026 6:02
332,TRX-23612643,100,5,Savings,1377306,3517032,0,Bonds,11/14/2025,United States,12/27/2025 14:29
333,TRX-96388853,372,13,Savings,24852453,3788896,0,None,12/11/2025,Nigeria,5/23/2026 16:15
334,TRX-37459258,178,9,Current,39601314,2096358,0,Fixed Deposit,2/19/2025,Nigeria,9/23/2025 20:45
335,TRX-85701714,616,11,Domiciliary,5507626,957474,764183,Bonds,6/27/2025,Ireland,11/16/2025 6:44
336,TRX-55170774,527,10,Domiciliary,20588989,4226797,1746003,Bonds,7/23/2026,United States,11/28/2025 1:07
337,TRX-06031357,475,17,Current,4837819,2473639,1091113,None,7/31/2026,Nigeria,6/17/2026 23:25
338,TRX-89726999,139,16,Savings,39670321,979789,1095436,Treasury Bills,4/13/2025,Ireland,5/2/2026 13:44
339,TRX-19989368,290,14,Domiciliary,28865439,3731416,714641,None,6/19/2026,Nigeria,10/3/2025 8:45
340,TRX-66342794,471,5,Fixed Deposit,30395107,403694,506180,None,11/11/2025,Ireland,7/6/2026 9:31
341,TRX-17186446,661,6,Savings,43824333,2846786,0,Treasury Bills,8/7/2025,Nigeria,4/8/2026 9:42
342,TRX-71768161,526,4,Fixed Deposit,580948,4363602,96784,Bonds,5/19/2026,Nigeria,1/7/2026 5:53
343,TRX-25218118,630,16,Current,33326183,1190801,1601136,Fixed Deposit,6/1/2025,Nigeria,7/9/2026 15:24
344,TRX-98885883,595,7,Domiciliary,28228773,1281175,593545,Mutual Fund,12/17/2025,United States,5/19/2026 3:55
345,TRX-30652748,546,16,Savings,35786936,496542,0,None,4/2/2025,United States,2/21/2026 4:31
346,TRX-40575175,714,15,Current,17736993,2010279,0,Treasury Bills,5/7/2025,Nigeria,12/14/2025 12:09
347,TRX-33557171,317,10,Fixed Deposit,36822897,4841155,196350,Mutual Fund,9/5/2025,Nigeria,5/28/2026 8:03
348,TRX-99777812,725,13,Domiciliary,3779030,4862613,0,None,1/20/2026,Nigeria,8/3/2026 11:12
349,TRX-13404937,53,11,Fixed Deposit,26517897,1499856,1657903,Treasury Bills,8/30/2025,Nigeria,7/23/2026 13:16
350,TRX-36289708,169,8,Current,14857323,4017545,1621123,Fixed Deposit,6/24/2025,Nigeria,9/13/2025 20:43
351,TRX-54374137,593,16,Current,25632484,1911854,0,Mutual Fund,6/15/2025,United States,4/5/2026 21:13
352,TRX-64205903,575,13,Fixed Deposit,26688232,2703910,0,Mutual Fund,1/15/2026,Nigeria,9/5/2025 16:59
353,TRX-93473903,496,4,Fixed Deposit,11161562,1380904,1076156,Fixed Deposit,3/11/2026,Nigeria,12/1/2025 12:57
354,TRX-31052796,721,16,Current,14531769,4318408,182980,Mutual Fund,3/4/2025,Nigeria,8/18/2025 23:51
355,TRX-75399246,240,8,Savings,45882051,3940161,1039108,Mutual Fund,4/24/2025,Nigeria,6/7/2026 6:39
356,TRX-25923307,55,1,Fixed Deposit,40874400,2680581,0,Mutual Fund,1/27/2025,Nigeria,9/11/2025 22:44
357,TRX-93120743,57,1,Fixed Deposit,21660603,296825,0,Fixed Deposit,6/11/2025,Ireland,9/16/2025 6:09
358,TRX-78543787,466,3,Savings,19578766,306253,180357,Fixed Deposit,9/26/2025,Ireland,12/4/2025 21:37
359,TRX-28791842,592,9,Savings,7801268,4143032,0,Fixed Deposit,7/7/2026,United States,8/23/2025 9:04
360,TRX-32752952,163,18,Savings,11186072,335673,1880588,Fixed Deposit,1/23/2025,United States,7/26/2026 4:42
361,TRX-31003000,554,1,Fixed Deposit,38378669,4292295,0,Fixed Deposit,5/5/2026,Nigeria,12/24/2025 13:36
362,TRX-13242882,24,4,Savings,33487469,3281992,0,None,6/6/2026,Nigeria,3/7/2026 7:37
363,TRX-73943926,647,15,Current,48565330,4046236,1855546,None,3/29/2025,Nigeria,4/19/2026 11:09
364,TRX-35914029,408,14,Fixed Deposit,41410152,4739778,0,None,6/26/2025,Nigeria,7/18/2026 2:09
365,TRX-63062355,240,8,Current,18557893,2029939,303070,None,7/6/2025,Nigeria,7/11/2026 1:43
366,TRX-45542567,215,18,Current,3747469,2145398,0,Fixed Deposit,9/14/2025,Nigeria,7/23/2026 22:26
367,TRX-98677953,744,1,Current,5158939,4117304,1707163,Bonds,3/19/2025,Nigeria,8/30/2025 1:29
368,TRX-35868623,117,13,Fixed Deposit,15391845,3675473,0,Mutual Fund,9/9/2025,United States,9/26/2025 1:44
369,TRX-78556632,628,18,Fixed Deposit,31063511,1593059,582359,Mutual Fund,8/14/2025,Nigeria,7/20/2026 5:23
370,TRX-28830548,363,14,Savings,31162906,730625,0,Treasury Bills,1/12/2026,Nigeria,10/22/2025 15:43
371,TRX-21319620,3,5,Fixed Deposit,24684315,1162269,1109611,Bonds,11/25/2025,United States,2/15/2026 17:56
372,TRX-16282321,275,1,Fixed Deposit,37216019,2380981,1424309,Treasury Bills,5/28/2026,Nigeria,9/20/2025 1:29
373,TRX-01966815,676,9,Savings,42442798,462548,1437900,Fixed Deposit,7/12/2025,Nigeria,11/1/2025 14:36
374,TRX-15712636,460,12,Savings,33226543,3088480,1172068,Mutual Fund,4/28/2025,Nigeria,11/3/2025 23:13
375,TRX-90774867,772,2,Fixed Deposit,18229996,3896982,0,Mutual Fund,8/20/2025,Nigeria,11/19/2025 8:18
376,TRX-66926327,337,12,Fixed Deposit,11056321,2220227,0,Mutual Fund,3/3/2026,Ireland,4/13/2026 7:50
377,TRX-74697640,703,6,Savings,46186923,4579231,1474153,None,6/23/2026,Nigeria,11/1/2025 2:47
378,TRX-99080193,26,8,Fixed Deposit,40154890,700955,1417921,Mutual Fund,9/7/2025,United States,10/30/2025 9:45
379,TRX-94139017,625,9,Savings,41178631,3082263,0,Bonds,5/13/2025,United States,5/29/2026 17:29
380,TRX-27979992,42,18,Current,33395276,4294156,1643916,Treasury Bills,4/10/2025,Nigeria,9/15/2025 6:20
381,TRX-63735504,512,16,Domiciliary,2117634,1227934,0,Mutual Fund,4/2/2025,United States,11/15/2025 4:02
382,TRX-77082704,172,4,Domiciliary,25716759,4944367,1656467,Fixed Deposit,2/5/2026,United States,7/26/2026 5:41
383,TRX-33714023,6,9,Savings,10803391,2309748,1270726,Bonds,8/18/2025,United States,11/8/2025 1:22
384,TRX-27596795,689,15,Fixed Deposit,38955896,4979722,1084784,Fixed Deposit,8/8/2025,Nigeria,3/9/2026 3:21
385,TRX-90185599,162,15,Savings,10595421,1649938,218119,None,4/10/2026,Nigeria,6/27/2026 13:10
386,TRX-53923472,361,16,Current,23913105,2503987,54546,None,11/27/2025,Nigeria,2/22/2026 7:45
387,TRX-80051373,657,15,Savings,8494030,1434373,0,Bonds,10/8/2025,United States,7/22/2026 5:04
388,TRX-90351769,174,17,Fixed Deposit,3664021,2721800,1079933,Mutual Fund,3/20/2025,Nigeria,7/14/2026 5:34
389,TRX-01766726,116,1,Fixed Deposit,41109150,2690582,0,Mutual Fund,2/22/2025,Nigeria,1/9/2026 19:11
390,TRX-84635106,339,7,Current,41248655,1996313,566425,Mutual Fund,9/7/2025,Nigeria,2/17/2026 14:17
391,TRX-04430136,89,6,Fixed Deposit,44095025,403978,1103007,Fixed Deposit,2/14/2026,Nigeria,9/11/2025 21:47
392,TRX-14161366,15,3,Fixed Deposit,3224127,2533071,365022,Fixed Deposit,2/14/2025,Nigeria,9/5/2025 21:36
393,TRX-15543038,629,9,Savings,17561825,2250778,0,Fixed Deposit,4/2/2026,United States,6/26/2026 18:58
394,TRX-67158087,424,18,Domiciliary,21647439,4730010,1162002,Mutual Fund,3/6/2025,Nigeria,12/24/2025 0:56
395,TRX-83183470,41,10,Domiciliary,30954655,3367693,0,Bonds,1/12/2026,Nigeria,9/28/2025 20:57
396,TRX-08097664,66,3,Domiciliary,49904547,723124,1871825,Treasury Bills,2/5/2026,Nigeria,5/8/2026 20:28
397,TRX-59582302,640,2,Current,21421903,3956095,0,None,9/27/2025,United States,5/24/2026 3:23
398,TRX-68242631,731,6,Savings,13656665,1923227,1760143,None,5/6/2026,United States,9/3/2025 18:08
399,TRX-14363840,585,13,Current,26966796,1378176,1108433,Fixed Deposit,12/14/2025,Nigeria,1/20/2026 16:19
400,TRX-23194184,199,9,Domiciliary,27811584,1933169,1218234,Treasury Bills,2/19/2025,Ireland,8/8/2026 14:11
401,TRX-59140790,428,8,Savings,16077718,1102876,0,Fixed Deposit,7/16/2026,Nigeria,11/12/2025 13:42
402,TRX-35413859,464,17,Fixed Deposit,41105788,3778153,1999809,None,1/14/2025,Nigeria,1/29/2026 15:36
403,TRX-53838334,260,5,Current,9685415,397996,281332,Bonds,5/17/2025,Nigeria,8/5/2026 22:56
404,TRX-48594852,306,5,Current,1338939,3101889,0,None,1/2/2025,Nigeria,8/25/2025 23:29
405,TRX-97543718,423,5,Savings,9725245,2002002,138728,None,6/21/2026,Nigeria,4/20/2026 15:39
406,TRX-35268036,604,7,Savings,18345081,251989,0,Mutual Fund,3/9/2026,United States,10/5/2025 19:18
407,TRX-98589746,142,3,Domiciliary,13402259,1962301,0,Fixed Deposit,8/5/2025,Nigeria,2/8/2026 22:04
408,TRX-49646555,713,14,Fixed Deposit,6732493,4524972,837963,Treasury Bills,8/9/2025,United States,1/25/2026 18:48
409,TRX-65038764,213,13,Domiciliary,31198620,4014804,1160189,Mutual Fund,4/5/2025,Ireland,3/22/2026 9:54
410,TRX-07294471,745,6,Fixed Deposit,6980049,4714405,0,Treasury Bills,11/25/2025,Nigeria,3/13/2026 4:40
411,TRX-25490343,603,8,Current,12105682,219784,0,None,6/16/2026,Nigeria,9/28/2025 10:30
412,TRX-71148591,363,14,Domiciliary,18306751,4507423,0,Fixed Deposit,9/9/2025,Nigeria,11/14/2025 7:55
413,TRX-30736599,504,5,Domiciliary,8011549,3351087,0,Bonds,3/14/2026,Ireland,1/7/2026 14:29
414,TRX-16470411,440,16,Fixed Deposit,2273158,1464584,0,None,2/17/2025,Nigeria,12/19/2025 5:11
415,TRX-28366333,98,3,Domiciliary,49783591,2569182,170131,Mutual Fund,2/8/2026,United States,12/9/2025 0:16
416,TRX-83606966,32,5,Current,42983937,2379880,1666598,None,4/17/2025,Nigeria,7/27/2026 18:15
417,TRX-26154808,240,8,Current,39379999,1093916,205900,Treasury Bills,2/24/2026,United States,12/5/2025 11:52
418,TRX-03001192,333,12,Savings,7632449,357151,0,Fixed Deposit,2/4/2025,Nigeria,6/30/2026 11:34
419,TRX-94937758,684,8,Current,47918857,4442629,0,Fixed Deposit,4/13/2026,Nigeria,9/26/2025 6:17
420,TRX-37377516,388,2,Current,5527856,1648467,0,Treasury Bills,12/2/2025,Nigeria,7/23/2026 15:46
421,TRX-09593125,716,15,Current,14966012,2202474,0,Mutual Fund,2/22/2026,United States,6/25/2026 15:23
422,TRX-18847158,594,2,Domiciliary,12086377,3790602,0,Treasury Bills,7/9/2026,Nigeria,5/14/2026 15:05
423,TRX-72980209,396,16,Current,33920742,4262679,1018756,Treasury Bills,11/25/2025,Ireland,10/8/2025 14:41
424,TRX-07115260,164,16,Fixed Deposit,27859091,1790282,0,Bonds,11/29/2025,Nigeria,8/5/2026 15:58
425,TRX-86500778,620,15,Savings,11180064,1977207,25291,Fixed Deposit,2/27/2026,Nigeria,1/20/2026 3:25
426,TRX-97066004,608,16,Savings,13044098,4966067,1729639,Fixed Deposit,7/14/2025,Nigeria,5/15/2026 19:32
427,TRX-69222748,249,6,Current,30359275,28526,502536,Fixed Deposit,12/13/2025,Nigeria,11/5/2025 16:47
428,TRX-29941849,723,3,Savings,36402592,4407785,1016304,Bonds,1/21/2025,Nigeria,2/13/2026 2:18
429,TRX-30275563,500,9,Savings,1346685,256628,1499733,Fixed Deposit,7/10/2025,Nigeria,1/5/2026 8:19
430,TRX-73575163,741,14,Domiciliary,22033771,3758517,0,Treasury Bills,5/11/2026,Ireland,8/1/2026 8:21
431,TRX-67302216,216,12,Fixed Deposit,17670621,643564,0,None,1/17/2026,Nigeria,1/24/2026 13:03
432,TRX-00079683,662,6,Fixed Deposit,17962536,1133991,1935441,Fixed Deposit,8/1/2026,Ireland,7/18/2026 14:30
433,TRX-77276229,81,2,Savings,16907783,3874038,0,Treasury Bills,3/7/2026,Nigeria,3/8/2026 8:00
434,TRX-17759933,741,14,Fixed Deposit,46269105,1798948,533466,None,3/7/2026,Nigeria,10/4/2025 14:47
435,TRX-00178027,131,8,Current,42423960,1578590,0,None,7/2/2026,Nigeria,12/7/2025 15:13
436,TRX-72809379,362,6,Domiciliary,7362073,4014533,0,Fixed Deposit,2/13/2026,United States,4/23/2026 11:32
437,TRX-08215797,28,2,Savings,3771669,1380100,0,Treasury Bills,4/26/2025,United States,1/2/2026 4:15
438,TRX-09722755,81,2,Savings,42045333,734798,0,Mutual Fund,2/16/2026,Nigeria,5/21/2026 6:21
439,TRX-72626040,292,13,Domiciliary,5062971,1767016,0,Fixed Deposit,3/13/2026,Nigeria,2/5/2026 2:30
440,TRX-16498483,153,15,Current,46855640,4847014,0,Treasury Bills,4/28/2025,United States,11/7/2025 11:20
441,TRX-01690157,497,7,Domiciliary,31994516,911774,1975273,Fixed Deposit,3/7/2025,Nigeria,6/15/2026 14:52
442,TRX-04850684,389,7,Savings,31036150,2842072,0,None,1/9/2026,United States,4/6/2026 13:29
443,TRX-40763484,437,14,Current,20995077,4441002,0,Fixed Deposit,9/24/2025,United States,6/13/2026 6:08
444,TRX-01632118,39,14,Fixed Deposit,22465893,4017494,1176186,Fixed Deposit,11/8/2025,United States,9/11/2025 2:52
445,TRX-60463546,513,8,Savings,32574573,1894531,0,None,12/30/2025,Nigeria,3/9/2026 13:56
446,TRX-62906029,625,9,Savings,13660226,823005,0,None,12/6/2025,Ireland,5/1/2026 16:32
447,TRX-12700972,105,6,Current,10553759,2633590,711673,None,1/24/2026,Ireland,5/22/2026 0:13
448,TRX-15012873,367,8,Savings,43017838,216581,0,None,9/3/2025,Nigeria,11/2/2025 9:15
449,TRX-78881359,385,18,Current,31156532,647937,518213,Fixed Deposit,3/13/2026,Nigeria,10/26/2025 21:43
450,TRX-18566022,585,13,Current,24685227,1080611,0,None,7/14/2026,Nigeria,4/19/2026 8:51
451,TRX-95991697,501,16,Current,6265257,2079644,1373654,Treasury Bills,7/11/2026,United States,10/15/2025 5:44
452,TRX-53736882,582,13,Current,11191989,942587,537676,None,1/20/2025,United States,2/1/2026 12:11
453,TRX-53479573,487,16,Domiciliary,14296122,2012281,0,Treasury Bills,5/12/2025,United States,3/29/2026 15:54
454,TRX-97629069,179,5,Savings,41762718,3045969,0,None,12/30/2025,Nigeria,11/22/2025 14:35
455,TRX-03635264,462,3,Fixed Deposit,19425873,2225479,0,Treasury Bills,3/6/2025,Nigeria,6/6/2026 16:30
456,TRX-74307044,229,18,Fixed Deposit,6869423,4601306,162687,Bonds,7/4/2025,United States,11/19/2025 1:42
457,TRX-29075497,714,15,Fixed Deposit,16479304,1936680,1572648,Bonds,6/14/2025,Nigeria,8/30/2025 21:29
458,TRX-11838843,149,12,Fixed Deposit,47443328,987521,968336,Fixed Deposit,10/29/2025,Nigeria,12/26/2025 19:18
459,TRX-47512775,195,12,Savings,21654443,4884448,0,Fixed Deposit,6/22/2026,Nigeria,12/24/2025 12:23
460,TRX-11912033,763,15,Current,22206490,288082,0,None,4/6/2025,Nigeria,5/11/2026 1:36
461,TRX-60820769,778,6,Current,10696683,664082,1005279,Bonds,4/3/2026,Nigeria,2/24/2026 8:18
462,TRX-52175096,228,1,Fixed Deposit,18202049,3148407,1091834,None,5/15/2025,Nigeria,8/4/2026 23:15
463,TRX-46518118,788,14,Fixed Deposit,41850162,4858523,1231859,Treasury Bills,6/28/2026,Nigeria,2/26/2026 3:09
464,TRX-88729849,528,3,Savings,41265722,3234451,62747,Fixed Deposit,7/3/2025,United States,10/27/2025 1:23
465,TRX-58743568,530,10,Savings,27481350,2700398,1504944,Bonds,1/1/2025,Nigeria,3/1/2026 8:51
466,TRX-85094530,492,13,Current,22057727,1844088,1177980,Fixed Deposit,7/24/2026,Nigeria,8/5/2026 4:24
467,TRX-22362236,731,6,Savings,3516419,3435451,0,None,2/21/2026,Nigeria,7/4/2026 16:18
468,TRX-98474749,273,4,Savings,22075059,1779885,1908985,Bonds,9/11/2025,United States,5/29/2026 6:35
469,TRX-57005210,220,11,Savings,25553113,3190965,1868334,Fixed Deposit,4/29/2025,Nigeria,4/3/2026 7:33
470,TRX-75582874,87,2,Current,37660170,4800139,0,Fixed Deposit,12/5/2025,United States,8/25/2025 3:05
471,TRX-43722640,531,5,Fixed Deposit,30109168,1994601,0,Bonds,3/16/2025,Nigeria,3/31/2026 19:39
472,TRX-63751370,463,2,Fixed Deposit,32124188,4649552,0,None,4/24/2026,Nigeria,5/31/2026 17:48
473,TRX-58175507,46,1,Savings,24608568,3104293,80446,Fixed Deposit,3/19/2026,Ireland,6/11/2026 11:03
474,TRX-19469461,228,1,Domiciliary,40788244,320966,0,Fixed Deposit,6/28/2026,Nigeria,12/13/2025 13:52
475,TRX-88438144,591,18,Current,49664549,2840253,0,Treasury Bills,1/29/2026,United States,5/31/2026 10:51
476,TRX-02809145,466,3,Fixed Deposit,17321837,1280839,656160,Bonds,12/3/2025,Nigeria,5/27/2026 4:46
477,TRX-12073465,281,13,Domiciliary,27037006,4957047,1552911,Bonds,2/3/2026,Nigeria,11/30/2025 12:41
478,TRX-56542152,562,1,Domiciliary,33478095,4647148,0,Fixed Deposit,6/6/2026,Ireland,11/1/2025 22:30
479,TRX-16164441,236,18,Current,4108216,241315,0,Treasury Bills,11/30/2025,Nigeria,8/7/2026 19:51
480,TRX-10207735,18,4,Domiciliary,2374302,4900732,0,Mutual Fund,4/6/2025,Nigeria,6/5/2026 7:52
481,TRX-80117125,298,13,Domiciliary,29214631,4722070,0,None,3/22/2025,Nigeria,4/26/2026 11:31
482,TRX-33979297,285,1,Savings,30497091,4409643,0,Fixed Deposit,6/5/2026,Nigeria,3/9/2026 15:11
483,TRX-84267367,225,4,Current,20492749,2394059,0,Mutual Fund,6/18/2025,Nigeria,4/2/2026 16:26
484,TRX-68924557,9,1,Savings,37125941,4686561,28309,Treasury Bills,8/19/2025,Nigeria,1/13/2026 4:52
485,TRX-94767858,663,12,Domiciliary,25535564,4152128,0,None,8/2/2025,Nigeria,3/13/2026 3:28
486,TRX-59429980,145,8,Domiciliary,19926832,4182364,0,Mutual Fund,1/10/2026,Nigeria,7/22/2026 4:43
487,TRX-26422964,307,11,Savings,18515716,2451349,767242,Fixed Deposit,10/31/2025,Nigeria,2/1/2026 20:54
488,TRX-53601925,3,5,Savings,39941596,4730391,1203476,None,3/16/2025,Nigeria,5/5/2026 7:27
489,TRX-54819648,17,17,Savings,9901680,2724280,0,None,7/17/2025,Nigeria,8/3/2026 22:00
490,TRX-67628752,548,3,Current,49894885,2730762,0,Bonds,1/23/2025,Nigeria,12/9/2025 12:37
491,TRX-71294453,233,15,Current,35450451,2209799,0,Bonds,7/1/2026,Nigeria,1/30/2026 22:19
492,TRX-66785472,524,12,Savings,36521358,1818676,0,Mutual Fund,2/8/2026,United States,2/3/2026 11:12
493,TRX-32871543,158,13,Fixed Deposit,5438330,4993643,130877,Treasury Bills,3/27/2025,Nigeria,7/1/2026 0:50
494,TRX-69118079,699,2,Current,2400596,3634067,497973,Mutual Fund,7/24/2026,Nigeria,7/30/2026 17:57
495,TRX-12376400,164,16,Fixed Deposit,13631079,3547299,0,Treasury Bills,11/3/2025,United States,8/20/2025 19:35
496,TRX-07327890,363,14,Savings,15187396,4901181,0,Bonds,1/19/2026,Nigeria,1/29/2026 20:51
497,TRX-03162206,112,13,Current,13421513,692205,1898139,Fixed Deposit,4/15/2026,United States,4/9/2026 11:30
498,TRX-96211178,654,11,Fixed Deposit,35152183,3717687,0,Treasury Bills,6/17/2026,United States,3/25/2026 10:01
499,TRX-89862318,491,12,Current,6717169,3870628,0,None,6/22/2026,Nigeria,1/26/2026 9:52
500,TRX-31522295,35,6,Current,36586810,672541,1851098,Fixed Deposit,2/5/2026,Nigeria,4/10/2026 19:29
501,TRX-91059127,215,18,Domiciliary,4699950,2505869,0,Fixed Deposit,7/10/2026,United States,4/17/2026 1:56
502,TRX-41910489,773,4,Domiciliary,6467471,1758028,1105013,None,6/15/2025,Nigeria,5/31/2026 21:52
503,TRX-52479112,484,7,Domiciliary,49693758,3633626,1316783,Mutual Fund,7/4/2026,Nigeria,4/17/2026 7:18
504,TRX-86173693,267,10,Domiciliary,5589445,1232383,1106547,Fixed Deposit,2/10/2026,Nigeria,10/2/2025 9:34
505,TRX-66191432,742,9,Current,24736453,2831041,483930,Bonds,10/31/2025,Nigeria,5/6/2026 17:07
506,TRX-88747296,130,7,Domiciliary,11331505,2151495,324113,None,3/24/2025,Nigeria,7/31/2026 7:50
507,TRX-95369092,603,8,Fixed Deposit,26634284,2337962,0,Bonds,2/8/2026,Nigeria,1/14/2026 3:23
508,TRX-47192817,177,9,Fixed Deposit,44944729,1607966,779295,Fixed Deposit,12/11/2025,Nigeria,11/24/2025 19:22
509,TRX-75454402,655,17,Current,28215060,1843446,313896,Mutual Fund,9/19/2025,United States,10/31/2025 4:55
510,TRX-72806988,506,2,Savings,45853063,3431955,1326921,Fixed Deposit,3/31/2025,Nigeria,2/20/2026 9:13
511,TRX-01480023,209,9,Fixed Deposit,4822303,4273224,739769,Treasury Bills,2/27/2026,Nigeria,10/21/2025 19:43
512,TRX-92761990,204,13,Domiciliary,305935,3601015,393792,Mutual Fund,1/12/2026,Nigeria,8/29/2025 10:53
513,TRX-10622384,277,16,Fixed Deposit,5279641,3049073,1380271,Mutual Fund,4/1/2025,Nigeria,7/28/2026 20:34
514,TRX-65494464,624,13,Fixed Deposit,30703227,3233364,0,Mutual Fund,4/19/2025,Nigeria,1/26/2026 21:32
515,TRX-14007246,688,8,Savings,39478709,1420786,0,Treasury Bills,11/14/2025,United States,11/10/2025 10:06
516,TRX-05453905,719,9,Current,9334850,4554505,1389425,Fixed Deposit,1/16/2025,United States,2/9/2026 8:23
517,TRX-01482288,120,1,Savings,34667383,3689131,435448,Mutual Fund,3/3/2025,Nigeria,10/1/2025 15:03
518,TRX-55776385,150,3,Savings,24723889,4274324,0,Mutual Fund,7/19/2026,United States,4/24/2026 3:37
519,TRX-48779140,364,5,Domiciliary,10888765,1863111,0,Treasury Bills,7/8/2025,United States,4/10/2026 6:39
520,TRX-03855434,435,10,Current,11307259,2269706,0,None,3/27/2025,Ireland,9/7/2025 20:25
521,TRX-44271760,483,13,Savings,22454968,3897931,1742511,Mutual Fund,5/9/2025,United States,3/12/2026 2:28
522,TRX-24005931,190,10,Domiciliary,11400737,2247884,0,None,7/27/2025,Nigeria,5/30/2026 0:45
523,TRX-26120857,429,1,Fixed Deposit,45967552,2942376,0,None,3/12/2025,Nigeria,7/27/2026 20:28
524,TRX-63463093,35,6,Fixed Deposit,10620052,4132927,365006,Bonds,2/19/2025,Ireland,8/26/2025 18:24
525,TRX-98991507,405,11,Domiciliary,816134,4672260,1255479,None,2/20/2026,Nigeria,10/22/2025 5:29
526,TRX-54679180,475,17,Fixed Deposit,6848386,2239098,0,None,1/20/2026,Nigeria,2/10/2026 4:37
527,TRX-84763048,555,4,Fixed Deposit,39949453,2556410,0,Fixed Deposit,9/14/2025,Nigeria,9/5/2025 2:17
528,TRX-18124249,142,3,Domiciliary,27856341,4737765,0,Fixed Deposit,6/28/2025,Ireland,3/22/2026 15:29
529,TRX-29459331,466,3,Domiciliary,30517948,3028392,212980,Mutual Fund,1/25/2025,Nigeria,11/26/2025 15:54
530,TRX-36436641,244,16,Current,46074304,4780715,0,Treasury Bills,12/29/2025,Nigeria,4/6/2026 10:41
531,TRX-94787570,397,12,Current,37214160,3005716,0,Bonds,9/9/2025,United States,3/28/2026 2:38
532,TRX-17290476,653,2,Domiciliary,29086161,516293,830590,Bonds,2/3/2025,Nigeria,5/21/2026 8:40
533,TRX-10569521,197,3,Savings,11233212,1726014,1565212,None,3/29/2026,Nigeria,3/9/2026 0:55
534,TRX-58869986,386,18,Domiciliary,1440589,4005533,764134,Mutual Fund,3/10/2026,Nigeria,9/30/2025 1:18
535,TRX-92489391,213,13,Domiciliary,27409143,2631784,0,Treasury Bills,1/18/2026,Nigeria,3/19/2026 9:33
536,TRX-72458172,12,15,Fixed Deposit,1647497,4533239,1453966,Fixed Deposit,2/24/2026,Nigeria,7/23/2026 20:32
537,TRX-47291226,280,18,Domiciliary,22544978,3953082,1242462,None,1/16/2025,Nigeria,9/12/2025 21:19
538,TRX-20552664,29,9,Savings,5559461,2156615,0,Mutual Fund,7/9/2025,United States,9/18/2025 20:27
539,TRX-56271308,779,9,Current,512400,4537666,1804500,Treasury Bills,12/9/2025,Nigeria,5/31/2026 11:30
540,TRX-52402676,2,1,Fixed Deposit,9430895,2720961,1529624,None,9/11/2025,Nigeria,1/29/2026 18:01
541,TRX-48120415,139,16,Current,25362174,1737499,0,Mutual Fund,10/24/2025,United States,5/5/2026 4:14
542,TRX-20430111,75,17,Savings,19400912,3205671,1803855,Mutual Fund,6/28/2025,Nigeria,6/21/2026 0:57
543,TRX-98467040,538,5,Fixed Deposit,1264901,873267,0,Bonds,5/4/2025,United States,9/15/2025 4:07
544,TRX-25715656,215,18,Fixed Deposit,49161358,4083907,0,Treasury Bills,7/15/2025,Nigeria,3/10/2026 0:44
545,TRX-00400203,692,17,Fixed Deposit,17033153,2248872,856776,Bonds,1/15/2025,Nigeria,10/15/2025 16:00
546,TRX-94659936,776,1,Current,22412427,145986,550560,Mutual Fund,5/28/2026,Nigeria,1/11/2026 22:03
547,TRX-07209656,745,6,Domiciliary,26667771,606539,80181,Fixed Deposit,7/23/2025,Nigeria,6/6/2026 15:51
548,TRX-20906091,704,3,Savings,32684429,844900,1145056,Treasury Bills,9/27/2025,Nigeria,6/23/2026 7:23
549,TRX-35758995,651,15,Fixed Deposit,43403492,270497,1979285,Treasury Bills,3/4/2025,Nigeria,6/23/2026 8:33
550,TRX-71769140,406,10,Savings,46233632,3913394,1044100,Treasury Bills,6/19/2026,Nigeria,12/23/2025 13:22
551,TRX-27717925,97,10,Fixed Deposit,7785885,4304240,0,Fixed Deposit,5/4/2025,Nigeria,6/25/2026 21:39
552,TRX-34396582,650,2,Savings,47591827,1722201,1475144,Bonds,4/16/2026,Ireland,4/2/2026 0:03
553,TRX-18440361,199,9,Fixed Deposit,38616543,3837863,993346,Fixed Deposit,4/7/2026,United States,7/24/2026 1:26
554,TRX-59125494,7,8,Savings,20473431,1363711,0,Treasury Bills,6/25/2025,Nigeria,11/22/2025 20:11
555,TRX-82873880,696,5,Domiciliary,2602993,3117861,1372368,Mutual Fund,7/8/2025,United States,12/12/2025 0:08
556,TRX-80211566,422,4,Savings,48059774,1574148,0,Treasury Bills,1/13/2025,Nigeria,3/17/2026 20:30
557,TRX-38794692,542,2,Current,32254852,2652264,0,Fixed Deposit,5/2/2025,Nigeria,5/26/2026 12:26
558,TRX-29202031,34,12,Domiciliary,19723371,80754,0,Mutual Fund,4/10/2025,United States,11/14/2025 11:58
559,TRX-78582889,65,14,Domiciliary,44260362,1472129,0,None,12/11/2025,United States,12/4/2025 1:09
560,TRX-77742614,608,16,Savings,23497989,3644955,0,Treasury Bills,7/22/2026,Nigeria,10/6/2025 10:15
561,TRX-40031591,104,2,Savings,5636241,1752841,527945,Treasury Bills,3/25/2026,Nigeria,5/30/2026 2:58
562,TRX-52913073,523,17,Domiciliary,8984414,1154558,0,Bonds,4/18/2026,Ireland,1/23/2026 1:34
563,TRX-40600079,713,14,Domiciliary,27130129,3740570,556050,Fixed Deposit,4/9/2026,Nigeria,10/11/2025 18:27
564,TRX-34744070,87,2,Current,8559177,685803,1283354,Mutual Fund,4/2/2025,Nigeria,3/21/2026 8:55
565,TRX-31880378,171,3,Current,26256924,1279276,1881052,None,6/8/2025,United States,9/6/2025 18:35
566,TRX-96572220,573,4,Domiciliary,45788434,4639942,1231722,Treasury Bills,2/23/2025,Ireland,4/14/2026 0:26
567,TRX-98086308,303,18,Domiciliary,31934809,2299212,1517685,Bonds,1/29/2025,Nigeria,3/10/2026 16:25
568,TRX-60791652,161,8,Current,7112539,62927,0,Fixed Deposit,12/7/2025,Nigeria,12/31/2025 12:28
569,TRX-98018252,591,18,Fixed Deposit,15111036,4615688,0,Treasury Bills,5/23/2025,Nigeria,9/16/2025 11:41
570,TRX-30120021,334,17,Domiciliary,10098854,4221765,1824279,None,11/28/2025,Ireland,12/21/2025 21:17
571,TRX-56616115,644,13,Domiciliary,24269564,4204672,1942091,Treasury Bills,2/28/2026,Nigeria,11/15/2025 2:26
572,TRX-82490853,1,12,Savings,49634677,1385975,0,Treasury Bills,2/28/2026,United States,10/30/2025 23:04
573,TRX-99034605,240,8,Current,3817432,201672,0,Mutual Fund,2/21/2026,United States,2/22/2026 22:33
574,TRX-82334399,139,16,Current,17371320,1182549,1223965,Mutual Fund,8/13/2025,Nigeria,6/6/2026 13:30
575,TRX-02351710,342,15,Fixed Deposit,34771434,3773007,0,None,5/30/2025,Nigeria,2/24/2026 2:51
576,TRX-10823410,403,17,Savings,20633010,4875235,7360,Fixed Deposit,2/1/2026,Nigeria,3/26/2026 16:08
577,TRX-51852592,601,4,Savings,35181844,1140919,1895619,Treasury Bills,3/14/2026,Nigeria,2/11/2026 2:50
578,TRX-66034686,50,1,Domiciliary,3009247,1751503,0,Fixed Deposit,2/28/2025,Nigeria,7/13/2026 15:19
579,TRX-16879511,528,3,Domiciliary,45682507,4536643,730579,Treasury Bills,11/18/2025,Ireland,8/18/2025 19:11
580,TRX-39736854,578,6,Domiciliary,4908234,3850637,1283107,None,6/1/2025,Ireland,2/20/2026 19:21
581,TRX-14488499,479,4,Fixed Deposit,38497821,1072552,1468255,Mutual Fund,3/15/2025,Nigeria,2/20/2026 4:12
582,TRX-95124953,645,4,Savings,23884404,2615752,0,Mutual Fund,7/2/2025,Nigeria,6/11/2026 11:04
583,TRX-25157300,168,6,Fixed Deposit,34675677,2084199,0,Fixed Deposit,2/4/2025,Ireland,11/28/2025 15:36
584,TRX-24424306,129,13,Fixed Deposit,16211603,2343645,0,Bonds,2/27/2026,Nigeria,8/19/2025 0:18
585,TRX-89311322,13,17,Fixed Deposit,9497435,4076406,0,Bonds,12/6/2025,Nigeria,11/16/2025 15:55
586,TRX-96313573,446,4,Savings,29326696,2397450,0,Fixed Deposit,11/19/2025,Nigeria,12/18/2025 19:39
587,TRX-74879844,753,16,Domiciliary,15176075,576469,1221149,Treasury Bills,1/31/2026,Nigeria,12/9/2025 15:16
588,TRX-34382678,221,13,Current,4272618,4894832,1132967,Bonds,2/22/2026,Nigeria,12/16/2025 14:38
589,TRX-08129976,417,4,Fixed Deposit,37689486,2732021,1300771,None,7/10/2026,Nigeria,4/21/2026 14:37
590,TRX-25433538,135,10,Savings,38593765,3735010,416441,Bonds,3/15/2026,United States,11/3/2025 5:09
591,TRX-76752379,361,16,Fixed Deposit,34906647,1769210,0,Fixed Deposit,6/14/2025,Nigeria,8/6/2026 18:45
592,TRX-52027260,694,1,Current,2481311,3662237,1350365,Mutual Fund,1/4/2025,United States,7/12/2026 16:09
593,TRX-00617749,56,5,Savings,11476879,2762882,0,Bonds,4/16/2026,United States,11/18/2025 6:32
594,TRX-46654816,154,14,Current,23092347,84075,0,None,2/6/2025,Ireland,1/28/2026 3:28
595,TRX-74672912,2,1,Current,11648864,3901423,0,Treasury Bills,4/20/2025,Nigeria,6/28/2026 9:35
596,TRX-56525365,784,14,Domiciliary,38806218,4907571,987693,Mutual Fund,7/21/2026,Nigeria,4/6/2026 13:54
597,TRX-69371232,494,3,Savings,1771470,3882435,0,None,12/16/2025,Nigeria,6/17/2026 21:23
598,TRX-96982058,649,3,Savings,22572886,3862583,409926,None,5/5/2025,United States,1/10/2026 5:25
599,TRX-85551565,672,7,Current,37652787,1035386,672986,Fixed Deposit,10/30/2025,United States,5/18/2026 13:30
600,TRX-02173753,641,5,Current,36624888,4182989,0,Bonds,7/26/2025,United States,11/9/2025 7:43
601,TRX-17495109,550,10,Domiciliary,15773842,2072370,606044,Fixed Deposit,4/16/2026,Nigeria,7/3/2026 7:13
602,TRX-60420560,183,11,Current,20797506,1952962,0,Fixed Deposit,5/21/2026,Nigeria,9/24/2025 20:17
603,TRX-81441447,211,15,Savings,9941306,7172,1967215,None,5/4/2026,United States,5/22/2026 15:37
604,TRX-02680772,282,14,Current,19328601,4138473,0,Treasury Bills,7/21/2026,Nigeria,4/25/2026 3:11
605,TRX-07737283,116,1,Domiciliary,33655079,4925049,0,Mutual Fund,4/12/2026,Nigeria,12/28/2025 18:41
606,TRX-79399500,408,14,Domiciliary,14522321,1972582,0,Bonds,1/7/2025,Nigeria,12/23/2025 17:23
607,TRX-05152562,177,9,Fixed Deposit,38689170,3607045,728589,Bonds,4/7/2026,Nigeria,7/23/2026 2:12
608,TRX-48829355,587,2,Savings,19344177,2454194,0,Mutual Fund,5/26/2025,Nigeria,7/22/2026 15:18
609,TRX-67462967,449,14,Current,2754542,1542666,553091,Bonds,1/2/2025,Nigeria,3/3/2026 18:31
610,TRX-48950130,615,15,Domiciliary,35080406,3132418,0,None,4/9/2026,Nigeria,7/15/2026 14:23
611,TRX-65181174,322,17,Savings,28217362,2290342,0,None,3/15/2025,Nigeria,5/24/2026 15:59
612,TRX-02822924,321,15,Savings,44121447,1977355,0,Treasury Bills,10/30/2025,United States,3/8/2026 16:19
613,TRX-28792424,8,1,Savings,17157245,2290702,356803,Bonds,3/16/2026,Ireland,7/29/2026 8:11
614,TRX-86906025,48,7,Domiciliary,32260464,3778642,1198957,Mutual Fund,2/25/2025,United States,2/20/2026 11:18
615,TRX-64028658,84,5,Savings,27939143,3751264,0,Mutual Fund,7/8/2025,Nigeria,7/18/2026 8:51
616,TRX-34628796,127,2,Current,46974178,36592,1995900,Fixed Deposit,7/30/2026,Nigeria,12/26/2025 9:02
617,TRX-41439660,795,14,Savings,10496638,1744528,0,Bonds,7/8/2026,Nigeria,4/16/2026 9:21
618,TRX-60941478,677,17,Domiciliary,32777902,3221902,0,Treasury Bills,1/17/2025,Nigeria,6/3/2026 7:16
619,TRX-86874291,288,7,Current,15673442,2192510,622967,Bonds,7/16/2025,Nigeria,1/24/2026 12:22
620,TRX-66860980,27,18,Current,5192444,824209,1026425,Fixed Deposit,2/5/2026,Nigeria,3/16/2026 22:28
621,TRX-15479282,85,17,Fixed Deposit,26802367,366547,1711445,Mutual Fund,6/27/2026,Nigeria,6/7/2026 1:58
622,TRX-47193836,377,2,Savings,36559588,4293428,1006600,Fixed Deposit,5/21/2026,Nigeria,5/5/2026 14:12
623,TRX-43946557,659,2,Savings,33392146,2198989,0,Mutual Fund,1/23/2025,Nigeria,10/9/2025 23:59
624,TRX-77338430,301,17,Fixed Deposit,27821997,2196915,202751,Mutual Fund,6/11/2025,Nigeria,7/8/2026 2:14
625,TRX-92828885,787,2,Savings,45315472,2979073,0,Bonds,5/13/2026,Nigeria,12/21/2025 20:48
626,TRX-86729916,696,5,Domiciliary,40111910,910089,763615,Fixed Deposit,9/10/2025,United States,5/5/2026 17:39
627,TRX-98300709,728,3,Fixed Deposit,13607663,2995056,664328,Mutual Fund,2/20/2025,Nigeria,11/2/2025 12:54
628,TRX-92216601,603,8,Savings,44044390,4361224,1459540,Fixed Deposit,5/25/2026,Nigeria,6/4/2026 17:53
629,TRX-55281342,357,13,Fixed Deposit,21551007,2993485,0,Treasury Bills,6/21/2026,Nigeria,9/23/2025 20:19
630,TRX-24029726,343,14,Savings,41509001,2334786,1622212,Mutual Fund,3/2/2026,Ireland,3/21/2026 9:36
631,TRX-22496820,177,9,Current,7479134,388542,545818,Treasury Bills,8/7/2025,Nigeria,12/21/2025 16:38
632,TRX-07520195,167,16,Current,47575089,1679476,0,None,3/7/2026,Nigeria,7/23/2026 8:57
633,TRX-99483885,431,8,Savings,33563632,4544641,0,Bonds,3/28/2025,Nigeria,4/8/2026 18:16
634,TRX-97331178,396,16,Fixed Deposit,45047273,3900057,1514104,Fixed Deposit,7/23/2026,Nigeria,8/15/2026 13:20
635,TRX-60880743,250,17,Fixed Deposit,19809025,3930251,1733677,Treasury Bills,6/8/2025,Nigeria,10/27/2025 0:23
636,TRX-35756216,457,12,Savings,36997040,2863665,1067047,Mutual Fund,6/3/2025,Nigeria,7/12/2026 3:09
637,TRX-46837627,309,7,Fixed Deposit,48639186,528230,1995905,None,5/24/2026,Nigeria,4/18/2026 22:39
638,TRX-63134847,457,12,Fixed Deposit,33805492,1139135,449704,Bonds,11/10/2025,Nigeria,2/14/2026 9:35
639,TRX-48410558,229,18,Domiciliary,23609789,4596946,0,Mutual Fund,6/11/2025,Nigeria,9/7/2025 5:58
640,TRX-46361633,340,11,Domiciliary,17225731,2494396,143499,Bonds,4/29/2025,Nigeria,1/28/2026 7:14
641,TRX-82109549,189,17,Savings,2323166,2440965,0,Fixed Deposit,6/23/2025,United States,5/15/2026 5:04
642,TRX-88308697,66,3,Savings,39840070,4864650,958897,Fixed Deposit,11/28/2025,United States,4/10/2026 7:39
643,TRX-74463473,515,12,Current,42516936,1250208,1001438,Bonds,10/3/2025,United States,10/2/2025 10:33
644,TRX-37427793,181,17,Savings,28539963,2678802,1731054,Fixed Deposit,6/24/2026,Nigeria,6/17/2026 13:01
645,TRX-91006608,783,3,Domiciliary,29784519,819688,484930,Treasury Bills,8/1/2026,Nigeria,11/4/2025 1:51
646,TRX-74688515,663,12,Domiciliary,20100318,3338227,0,Mutual Fund,4/15/2025,Nigeria,10/4/2025 23:35
647,TRX-80864811,371,7,Savings,18394961,2464444,0,Mutual Fund,11/30/2025,Ireland,9/19/2025 16:24
648,TRX-73809514,355,12,Fixed Deposit,12231667,2391195,252495,Bonds,7/16/2026,Nigeria,8/18/2025 1:16
649,TRX-34471271,2,1,Current,36700840,1278915,0,Treasury Bills,5/7/2025,United States,3/17/2026 11:47
650,TRX-41787816,441,6,Fixed Deposit,5141500,4238917,0,Treasury Bills,6/3/2025,Ireland,2/15/2026 6:59
651,TRX-37749824,300,6,Fixed Deposit,36838715,4615137,466033,Mutual Fund,9/2/2025,Nigeria,8/3/2026 23:09
652,TRX-20389430,504,5,Fixed Deposit,18308039,268553,0,Mutual Fund,6/30/2026,Nigeria,10/22/2025 19:28
653,TRX-20355210,780,11,Savings,36427327,2949585,979039,Fixed Deposit,2/7/2026,Nigeria,10/3/2025 15:00
654,TRX-66723248,295,5,Domiciliary,32137776,4012250,492206,Treasury Bills,1/26/2026,United States,3/17/2026 20:10
655,TRX-84809178,400,2,Domiciliary,15416340,3194056,0,None,5/11/2026,Nigeria,2/2/2026 6:57
656,TRX-75087662,742,9,Current,11134236,4194790,264480,Bonds,11/25/2025,Nigeria,4/9/2026 6:00
657,TRX-38522621,115,13,Fixed Deposit,32151360,4283360,0,Bonds,5/22/2025,Nigeria,4/25/2026 1:32
658,TRX-47336436,396,16,Current,22923166,2364466,113729,Treasury Bills,9/28/2025,Nigeria,6/14/2026 13:50
659,TRX-86270422,158,13,Domiciliary,25489928,1297838,0,None,6/6/2025,Nigeria,4/11/2026 4:42
660,TRX-93867703,688,8,Fixed Deposit,37045187,583110,0,Treasury Bills,3/7/2026,Nigeria,3/7/2026 7:52
661,TRX-28510606,163,18,Savings,780074,4004229,0,None,1/6/2025,United States,5/11/2026 3:12
662,TRX-30981180,130,7,Current,20116653,2319228,0,Bonds,3/25/2025,United States,12/6/2025 1:20
663,TRX-67372533,766,17,Current,26541845,2699877,0,Treasury Bills,8/16/2025,Ireland,1/21/2026 14:28
664,TRX-94571486,540,7,Domiciliary,48851361,2283798,258962,None,7/16/2025,Nigeria,4/26/2026 22:16
665,TRX-21578097,787,2,Fixed Deposit,33267835,4240276,0,None,7/14/2026,Nigeria,6/14/2026 10:22
666,TRX-36327571,627,8,Savings,11873874,3578599,1177448,Bonds,9/3/2025,Nigeria,3/30/2026 1:54
667,TRX-90001719,481,12,Domiciliary,15392732,3188105,0,None,7/10/2026,Nigeria,9/27/2025 10:47
668,TRX-26784226,610,13,Fixed Deposit,47325422,3540185,0,Mutual Fund,7/10/2026,Nigeria,1/17/2026 12:55
669,TRX-40445938,134,9,Domiciliary,5774206,3526528,1621785,Mutual Fund,4/10/2026,Nigeria,9/2/2025 7:39
670,TRX-97981280,369,5,Fixed Deposit,8641194,1779763,0,Fixed Deposit,9/29/2025,Nigeria,3/4/2026 11:40
671,TRX-26689664,2,1,Current,2836345,3357811,0,Treasury Bills,10/9/2025,Nigeria,6/12/2026 5:48
672,TRX-71318460,379,6,Savings,15826945,2450011,0,Mutual Fund,4/6/2025,United States,4/9/2026 0:38
673,TRX-78939982,733,4,Savings,21213062,4591416,0,Treasury Bills,2/5/2025,Nigeria,6/5/2026 10:28
674,TRX-78594410,17,17,Domiciliary,7151229,1201100,550502,Fixed Deposit,3/8/2025,United States,5/9/2026 14:04
675,TRX-56435213,102,15,Domiciliary,31677592,2951947,353864,Fixed Deposit,4/5/2026,Ireland,10/29/2025 3:46
676,TRX-29388882,446,4,Domiciliary,38729765,2256782,0,None,3/11/2026,Nigeria,12/9/2025 1:49
677,TRX-53644602,52,10,Current,38396019,1056480,1603706,Treasury Bills,1/4/2025,Nigeria,4/7/2026 12:53
678,TRX-97169902,16,10,Fixed Deposit,11349723,620528,1861509,Bonds,7/23/2025,Nigeria,5/3/2026 8:13
679,TRX-56977215,706,2,Domiciliary,39079340,721535,933306,Bonds,3/24/2025,Nigeria,2/26/2026 1:22
680,TRX-88813032,709,16,Savings,5137705,135469,0,None,10/9/2025,Nigeria,2/25/2026 4:46
681,TRX-10573740,357,13,Domiciliary,18819810,1009641,1507040,Treasury Bills,2/22/2026,Nigeria,10/6/2025 11:56
682,TRX-98223393,174,17,Current,21883782,3859815,0,Treasury Bills,1/23/2026,United States,12/26/2025 22:53
683,TRX-72838950,72,18,Current,22596844,3896853,0,Treasury Bills,8/27/2025,Nigeria,9/16/2025 22:03
684,TRX-98712615,127,2,Current,40566663,643021,0,Treasury Bills,8/27/2025,Ireland,1/8/2026 16:22
685,TRX-96778373,650,2,Fixed Deposit,20913142,4248526,81380,Bonds,6/30/2026,Nigeria,9/27/2025 6:45
686,TRX-34177156,47,13,Savings,5073728,193453,945627,Mutual Fund,9/11/2025,United States,3/5/2026 22:15
687,TRX-21781225,563,17,Fixed Deposit,40336938,190571,0,Bonds,2/22/2026,United States,2/12/2026 19:13
688,TRX-35487185,101,18,Fixed Deposit,30226297,1434480,0,Fixed Deposit,3/12/2025,Nigeria,7/10/2026 10:10
689,TRX-78580648,336,18,Current,43063045,3409544,998197,Treasury Bills,5/8/2026,United States,5/9/2026 1:13
690,TRX-38835355,688,8,Current,23802564,1773429,792824,Mutual Fund,11/29/2025,United States,6/26/2026 1:51
691,TRX-26678944,237,16,Savings,44302455,1868450,1046619,None,3/28/2025,United States,4/19/2026 11:42
692,TRX-71004289,628,18,Savings,20260398,3599813,1232171,Fixed Deposit,7/25/2025,United States,9/3/2025 16:59
693,TRX-70965329,769,1,Domiciliary,41303351,3631802,0,Bonds,12/12/2025,United States,2/2/2026 8:24
694,TRX-22883900,116,1,Domiciliary,15096454,1458139,132477,Fixed Deposit,5/26/2025,United States,11/18/2025 8:39
695,TRX-09451824,93,2,Current,47995171,120153,1767033,None,9/3/2025,Nigeria,10/16/2025 20:04
696,TRX-49643480,582,13,Current,12373762,2707675,1429315,Bonds,2/14/2026,Nigeria,1/16/2026 15:20
697,TRX-08632449,83,16,Current,28220229,4008004,0,Fixed Deposit,10/18/2025,Nigeria,10/15/2025 3:38
698,TRX-15070691,111,14,Domiciliary,41762160,2493237,1404268,Fixed Deposit,8/4/2025,Nigeria,2/3/2026 13:23
699,TRX-95033745,744,1,Fixed Deposit,22896062,4455423,0,Bonds,7/26/2026,Nigeria,8/16/2026 8:12
700,TRX-77600830,712,4,Fixed Deposit,9986616,3991260,1384608,None,4/4/2025,United States,12/10/2025 9:24
701,TRX-01270553,38,3,Current,25181984,3471460,0,None,4/16/2026,Nigeria,10/6/2025 10:36
702,TRX-85556780,261,4,Domiciliary,35170841,419985,0,None,12/22/2025,Ireland,12/28/2025 14:33
703,TRX-09578289,535,1,Savings,19273157,2705512,0,Mutual Fund,8/12/2025,Nigeria,5/15/2026 4:36
704,TRX-47784257,222,3,Domiciliary,42220113,4753494,0,Fixed Deposit,1/1/2025,Nigeria,6/13/2026 13:15
705,TRX-98866903,667,4,Current,43087183,2299351,0,None,3/11/2025,Nigeria,7/4/2026 0:06
706,TRX-62118907,266,6,Savings,47939379,932689,1021610,Bonds,12/12/2025,Nigeria,1/25/2026 16:28
707,TRX-91527894,427,4,Fixed Deposit,45665495,1396146,0,Treasury Bills,12/21/2025,Nigeria,11/2/2025 19:02
708,TRX-93453312,547,18,Fixed Deposit,47426751,1836673,0,Fixed Deposit,9/26/2025,Nigeria,8/16/2025 11:01
709,TRX-55088425,719,9,Domiciliary,30794571,934762,0,None,4/25/2026,Nigeria,6/5/2026 18:16
710,TRX-69662380,509,7,Domiciliary,42589820,1178179,1517471,None,4/2/2025,Nigeria,9/29/2025 1:03
711,TRX-22325303,131,8,Current,29803929,4712484,1189863,None,7/22/2025,Nigeria,5/25/2026 15:37
712,TRX-87694055,258,4,Domiciliary,15652981,4317176,0,None,6/22/2025,Nigeria,4/28/2026 10:23
713,TRX-34210829,87,2,Domiciliary,29215443,1227344,0,Bonds,7/12/2026,Nigeria,5/18/2026 7:05
714,TRX-88204957,34,12,Domiciliary,5426779,3277970,1968268,Mutual Fund,5/28/2026,Nigeria,2/5/2026 16:21
715,TRX-33034670,589,3,Fixed Deposit,19723193,1219552,0,None,5/12/2025,Nigeria,3/22/2026 4:01
716,TRX-11096429,475,17,Savings,47809550,888176,938875,Treasury Bills,6/7/2025,Nigeria,12/28/2025 19:50
717,TRX-26240996,314,11,Savings,27863645,1152024,1792362,Fixed Deposit,7/15/2025,Nigeria,5/19/2026 16:55
718,TRX-05009758,612,1,Current,17732401,1401504,0,None,12/26/2025,Nigeria,9/30/2025 2:59
719,TRX-71211072,217,9,Domiciliary,4713963,3470001,427101,Treasury Bills,4/15/2025,Nigeria,7/26/2026 6:02
720,TRX-71182678,624,13,Savings,11766040,651190,0,Treasury Bills,9/11/2025,Nigeria,3/3/2026 2:45
721,TRX-21384374,777,15,Savings,46507539,280209,0,Mutual Fund,6/23/2026,Nigeria,11/30/2025 11:43
722,TRX-94002001,296,9,Fixed Deposit,39051565,3918203,900498,Bonds,6/25/2026,Nigeria,11/17/2025 18:54
723,TRX-09272967,612,1,Savings,13052255,4277398,0,Treasury Bills,3/31/2025,Nigeria,11/5/2025 14:40
724,TRX-30981173,89,6,Current,47197461,4910009,967531,Mutual Fund,4/28/2026,Nigeria,8/14/2026 11:50
725,TRX-51311814,220,11,Current,35630437,3043918,0,None,9/27/2025,Nigeria,8/22/2025 21:07
726,TRX-88686874,295,5,Fixed Deposit,16523449,1874084,1145287,Treasury Bills,8/11/2025,Nigeria,10/4/2025 13:00
727,TRX-60279841,374,6,Fixed Deposit,46858973,1356570,0,None,4/2/2026,Nigeria,6/25/2026 16:15
728,TRX-16812128,229,18,Fixed Deposit,42818746,4459155,0,Mutual Fund,1/28/2025,Ireland,5/23/2026 12:55
729,TRX-00907556,630,16,Domiciliary,22140737,4855699,0,None,1/24/2025,Nigeria,2/21/2026 23:02
730,TRX-62775143,410,5,Savings,35623732,800258,864966,Treasury Bills,2/3/2025,United States,10/8/2025 16:57
731,TRX-53479022,465,1,Current,43796583,1340085,0,Treasury Bills,6/12/2026,United States,12/29/2025 0:09
732,TRX-12925448,772,2,Current,5298767,2093229,909345,Bonds,4/24/2026,Ireland,8/17/2025 21:04
733,TRX-47331798,773,4,Savings,30295305,3244193,1930995,Fixed Deposit,4/6/2026,Nigeria,8/24/2025 21:12
734,TRX-07797685,366,9,Savings,46805588,3988024,171688,Fixed Deposit,6/28/2026,Nigeria,2/10/2026 7:27
735,TRX-07114217,541,14,Savings,20922722,1438679,1827804,None,10/15/2025,Ireland,7/18/2026 14:45
736,TRX-66889470,206,11,Current,44585796,1169562,0,Fixed Deposit,7/10/2025,Nigeria,9/4/2025 20:15
737,TRX-68645981,547,18,Savings,12286106,2872798,593540,Treasury Bills,3/25/2025,Nigeria,5/23/2026 2:13
738,TRX-48755794,771,7,Fixed Deposit,31649083,191859,887406,Mutual Fund,3/7/2026,Nigeria,8/2/2026 7:09
739,TRX-96846388,40,14,Current,43263332,4446043,1128246,Fixed Deposit,12/19/2025,Nigeria,10/4/2025 7:46
740,TRX-58499649,747,3,Current,3838762,2652751,1765901,Treasury Bills,2/14/2026,Nigeria,2/18/2026 16:30
741,TRX-23668897,41,10,Savings,41769594,1506781,1213531,Fixed Deposit,1/17/2025,Nigeria,5/25/2026 4:01
742,TRX-81044162,163,18,Domiciliary,28438140,3467116,1605991,Mutual Fund,1/3/2026,Nigeria,10/30/2025 9:50
743,TRX-12234238,20,9,Current,44919712,3303610,1402438,Mutual Fund,6/21/2026,Ireland,4/30/2026 15:13
744,TRX-27302618,446,4,Savings,45806917,1236731,0,None,3/14/2025,Nigeria,5/13/2026 4:57
745,TRX-55444698,443,14,Fixed Deposit,40450645,1698536,1833017,None,7/22/2025,Nigeria,12/21/2025 18:54
746,TRX-22851554,257,16,Current,11187922,4049380,0,Treasury Bills,4/20/2026,Nigeria,9/30/2025 12:14
747,TRX-91961944,432,10,Savings,15715034,1310276,587107,Treasury Bills,7/8/2025,Nigeria,3/17/2026 9:40
748,TRX-21351980,135,10,Domiciliary,34095131,2687635,0,None,7/1/2025,Nigeria,10/18/2025 15:41
749,TRX-21044955,470,18,Domiciliary,19815347,3954088,733057,None,2/6/2025,Nigeria,4/25/2026 22:10
750,TRX-81488329,233,15,Savings,41013083,4497310,0,Bonds,4/26/2025,Nigeria,7/30/2026 10:51
751,TRX-52880636,649,3,Savings,25634105,4643317,0,Fixed Deposit,1/25/2025,Ireland,6/28/2026 6:21
752,TRX-36479067,44,16,Savings,41855234,2521222,944491,Mutual Fund,10/19/2025,Nigeria,3/19/2026 17:08
753,TRX-26285556,17,17,Savings,15836894,989713,1805010,Bonds,2/23/2026,Nigeria,5/13/2026 1:01
754,TRX-82788470,515,12,Fixed Deposit,3099852,726425,0,Fixed Deposit,2/17/2025,Nigeria,6/18/2026 5:03
755,TRX-55282915,337,12,Domiciliary,33481472,144087,1044420,None,10/29/2025,Nigeria,11/7/2025 13:01
756,TRX-66276194,208,6,Savings,6784311,2998951,1361486,Bonds,5/6/2026,Nigeria,8/1/2026 20:26
757,TRX-97964779,157,12,Savings,13734689,2782591,0,Treasury Bills,1/19/2026,Nigeria,7/13/2026 20:58
758,TRX-03234751,163,18,Domiciliary,28095875,928042,0,Mutual Fund,12/3/2025,Nigeria,1/15/2026 23:56
759,TRX-06415666,137,13,Domiciliary,46402604,2539024,787752,Bonds,9/26/2025,Nigeria,5/10/2026 21:10
760,TRX-90362555,463,2,Domiciliary,40332439,3768020,277029,None,8/28/2025,Nigeria,12/10/2025 20:37
761,TRX-29666988,545,6,Current,13367966,4793442,0,Bonds,5/21/2025,Nigeria,9/25/2025 23:18
762,TRX-02109360,617,18,Current,24541735,4936755,215404,Fixed Deposit,1/18/2026,Nigeria,6/2/2026 15:26
763,TRX-80467853,344,16,Current,8881908,205420,1958052,None,12/24/2025,Nigeria,6/6/2026 18:39
764,TRX-91104318,428,8,Domiciliary,31068608,3262123,0,Fixed Deposit,8/4/2025,Nigeria,5/23/2026 23:24
765,TRX-64238064,730,7,Savings,2273760,4585407,1482461,Treasury Bills,5/11/2026,Nigeria,4/19/2026 7:09
766,TRX-77895832,300,6,Current,48539256,2484652,0,Bonds,3/25/2025,Nigeria,1/29/2026 22:43
767,TRX-28766584,325,5,Domiciliary,49243086,4782894,0,Bonds,7/30/2025,Nigeria,1/6/2026 9:51
768,TRX-51527537,513,8,Current,42415477,1475734,1652511,Bonds,5/7/2025,United States,12/28/2025 17:47
769,TRX-27908261,405,11,Current,3068850,1479443,0,Bonds,5/1/2025,Nigeria,11/14/2025 13:59
770,TRX-36734232,175,7,Domiciliary,33227129,3119613,0,Treasury Bills,7/1/2025,United States,8/13/2026 12:43
771,TRX-62683647,105,6,Savings,20707676,2512731,0,Bonds,3/11/2025,United States,12/24/2025 1:14
772,TRX-50833012,34,12,Current,39935795,2073720,581902,Mutual Fund,2/21/2025,Nigeria,11/14/2025 1:28
773,TRX-42781445,618,16,Domiciliary,30560731,3942852,1154995,Fixed Deposit,5/15/2026,Nigeria,11/25/2025 16:21
774,TRX-77150206,73,10,Current,34648859,4620272,1468934,Fixed Deposit,5/5/2026,Nigeria,8/4/2026 0:47
775,TRX-14936757,538,5,Fixed Deposit,25469558,653924,0,Fixed Deposit,11/18/2025,Nigeria,2/21/2026 8:16
776,TRX-02790345,37,16,Savings,41467254,2658885,0,None,3/22/2025,Nigeria,5/23/2026 14:16
777,TRX-93558447,60,6,Fixed Deposit,28844894,3491820,0,Treasury Bills,12/15/2025,Nigeria,4/11/2026 5:59
778,TRX-10633329,313,8,Domiciliary,34735932,1155847,575637,None,7/28/2025,United States,5/27/2026 17:04
779,TRX-83877143,757,7,Domiciliary,2355022,2534995,0,Mutual Fund,8/7/2025,United States,10/17/2025 11:25
780,TRX-25380294,634,12,Savings,1719802,4449546,0,Fixed Deposit,7/6/2026,Nigeria,8/6/2026 0:15
781,TRX-53084211,647,15,Fixed Deposit,19569905,3430247,0,Fixed Deposit,5/24/2025,Nigeria,11/22/2025 9:14
782,TRX-80377736,772,2,Current,9781066,1714421,0,None,3/5/2025,United States,8/19/2025 17:32
783,TRX-94010732,2,1,Domiciliary,37494830,3420260,0,Fixed Deposit,4/10/2025,United States,4/19/2026 18:22
784,TRX-24416397,292,13,Fixed Deposit,49023344,4507562,0,Mutual Fund,1/21/2025,United States,6/21/2026 23:32
785,TRX-75429381,599,14,Domiciliary,7543855,341738,871224,None,4/19/2025,United States,7/24/2026 12:16
786,TRX-12098410,496,4,Domiciliary,40676006,1876822,0,Fixed Deposit,4/3/2026,Nigeria,2/6/2026 10:06
787,TRX-24416293,199,9,Current,39761413,4206949,1415993,Treasury Bills,6/30/2025,United States,3/25/2026 5:36
788,TRX-24734514,514,3,Domiciliary,29111212,2758723,0,Treasury Bills,5/20/2025,Nigeria,7/17/2026 10:20
789,TRX-75041835,656,2,Savings,4570505,2404559,0,Mutual Fund,5/10/2025,Nigeria,3/31/2026 12:07
790,TRX-39673489,584,3,Fixed Deposit,37293790,4726476,901901,Bonds,9/17/2025,United States,11/17/2025 14:19
791,TRX-52951709,21,6,Domiciliary,47519642,910244,1179901,Fixed Deposit,6/10/2025,Nigeria,12/21/2025 11:50
792,TRX-73937159,201,5,Savings,21261292,835520,462576,Fixed Deposit,1/11/2025,Nigeria,3/1/2026 19:29
793,TRX-31625999,258,4,Fixed Deposit,16677039,4583987,0,Bonds,4/11/2025,Nigeria,3/12/2026 3:20
794,TRX-44515143,339,7,Savings,38278960,881004,918706,None,9/26/2025,Nigeria,3/8/2026 18:20
795,TRX-07808711,659,2,Fixed Deposit,46442415,4295823,0,Mutual Fund,8/7/2025,United States,6/14/2026 13:29
796,TRX-50787822,250,17,Savings,47204171,4634113,0,None,3/15/2026,Nigeria,7/13/2026 4:55
797,TRX-11074818,269,4,Savings,44356413,4691474,0,Fixed Deposit,9/2/2025,Nigeria,10/22/2025 4:42
798,TRX-59947553,203,5,Current,19532414,757900,1264617,Fixed Deposit,6/16/2025,United States,10/16/2025 18:22
799,TRX-78356771,335,16,Domiciliary,47481195,188016,0,Treasury Bills,5/4/2025,United States,4/7/2026 9:00
800,TRX-44342408,85,17,Savings,30301024,3204759,1401181,Bonds,11/2/2025,Nigeria,1/9/2026 14:25
801,TRX-50603546,45,1,Savings,43373655,45916,520317,None,9/18/2025,Nigeria,9/15/2025 13:03
802,TRX-91726030,561,13,Domiciliary,35906158,1513870,1439756,Mutual Fund,2/1/2025,United States,10/10/2025 5:48
803,TRX-21709293,294,5,Fixed Deposit,557569,919116,0,Mutual Fund,2/23/2025,Nigeria,9/4/2025 11:34
804,TRX-48585619,500,9,Fixed Deposit,9720908,3751780,1012829,Fixed Deposit,12/15/2025,Nigeria,3/30/2026 13:52
805,TRX-49466663,725,13,Domiciliary,37779144,2353723,0,Treasury Bills,7/4/2026,Nigeria,5/7/2026 5:16
806,TRX-87125394,751,7,Current,10160365,3121485,0,Fixed Deposit,10/16/2025,Nigeria,9/13/2025 7:31
807,TRX-09449436,656,2,Current,40457169,191075,697960,Bonds,1/21/2025,Ireland,12/25/2025 23:58
808,TRX-45750483,330,18,Current,16972139,4390047,1238765,Mutual Fund,12/8/2025,Ireland,4/9/2026 23:12
809,TRX-67690667,478,10,Domiciliary,14959214,2320793,0,Treasury Bills,7/21/2025,Nigeria,2/1/2026 15:29
810,TRX-28712014,794,5,Current,46477904,3308999,0,None,7/16/2026,Ireland,10/6/2025 21:13
811,TRX-74380080,107,12,Domiciliary,37800829,1572749,1972653,None,1/28/2025,Nigeria,5/25/2026 5:16
812,TRX-64164898,558,13,Domiciliary,12239230,2521970,0,Fixed Deposit,11/9/2025,United States,8/26/2025 15:28
813,TRX-14274427,408,14,Savings,27086153,2025118,0,Treasury Bills,6/19/2026,Nigeria,6/22/2026 12:11
814,TRX-63726893,24,4,Domiciliary,6293713,2707087,0,Bonds,5/10/2026,Nigeria,7/29/2026 11:01
815,TRX-10729122,405,11,Fixed Deposit,7735483,1944126,169419,Mutual Fund,12/27/2025,Nigeria,9/29/2025 17:47
816,TRX-45089234,705,7,Savings,41891833,500907,0,Bonds,5/25/2026,Nigeria,8/21/2025 3:32
817,TRX-55089069,65,14,Savings,19419746,2670635,0,Bonds,8/2/2025,Ireland,9/30/2025 9:27
818,TRX-44009367,594,2,Current,18809995,1227988,0,Bonds,4/9/2026,Nigeria,5/26/2026 23:45
819,TRX-77425050,305,14,Fixed Deposit,35719746,4055109,0,Mutual Fund,1/5/2026,Nigeria,3/21/2026 3:52
820,TRX-99067519,350,9,Fixed Deposit,26028760,1352035,199260,Fixed Deposit,4/28/2026,United States,2/17/2026 23:28
821,TRX-32814204,426,1,Domiciliary,46675028,3165056,308774,Mutual Fund,11/5/2025,Nigeria,2/1/2026 9:34
822,TRX-11799853,59,2,Domiciliary,21313013,1065492,0,Mutual Fund,5/10/2025,Nigeria,7/25/2026 21:42
823,TRX-83229302,736,15,Fixed Deposit,36183285,3052324,587493,Bonds,5/3/2025,United States,5/28/2026 14:49
824,TRX-68774475,187,16,Savings,37257507,3083053,0,Bonds,1/25/2025,Nigeria,7/26/2026 9:22
825,TRX-49599715,355,12,Fixed Deposit,24248316,4522516,1615816,Treasury Bills,3/1/2026,Nigeria,4/23/2026 23:47
826,TRX-82043737,719,9,Fixed Deposit,19673465,959238,0,Mutual Fund,1/24/2025,United States,4/19/2026 5:52
827,TRX-73901129,607,18,Domiciliary,14410560,4063674,0,Bonds,7/6/2025,United States,10/15/2025 10:47
828,TRX-06395228,559,10,Current,30403036,3654109,0,Fixed Deposit,5/1/2025,Nigeria,5/6/2026 9:36
829,TRX-86453783,276,15,Current,46875808,1167351,1802283,Mutual Fund,1/21/2026,Nigeria,6/2/2026 1:37
830,TRX-63100202,332,14,Fixed Deposit,45049313,1151955,0,Bonds,3/23/2025,Nigeria,4/25/2026 6:32
831,TRX-41671573,655,17,Domiciliary,41580334,2477512,0,None,5/15/2025,United States,5/25/2026 1:59
832,TRX-56411016,120,1,Fixed Deposit,20225173,290901,0,Fixed Deposit,4/1/2026,Nigeria,8/13/2026 1:21
833,TRX-32008363,61,6,Domiciliary,317246,3280071,0,None,3/28/2026,Ireland,4/21/2026 17:20
834,TRX-24786186,168,6,Savings,361612,2029962,1345706,Fixed Deposit,8/2/2025,Nigeria,7/10/2026 23:38
835,TRX-38423486,501,16,Fixed Deposit,13550532,268758,102812,Bonds,8/23/2025,Nigeria,9/23/2025 12:27
836,TRX-70967482,365,6,Current,9273736,1147978,0,Mutual Fund,1/3/2026,Nigeria,5/12/2026 9:49
837,TRX-99082415,295,5,Fixed Deposit,27946207,2791809,0,Bonds,4/20/2026,United States,3/29/2026 1:14
838,TRX-27302409,770,9,Savings,11318192,2614716,0,Treasury Bills,12/20/2025,Nigeria,6/5/2026 16:01
839,TRX-36505857,222,3,Fixed Deposit,2840174,609103,0,Bonds,3/24/2026,Ireland,7/21/2026 5:18
840,TRX-55597165,560,17,Domiciliary,13252783,4151135,806662,Fixed Deposit,4/9/2025,Nigeria,9/1/2025 22:46
841,TRX-63857267,272,2,Current,48446255,3717147,0,Treasury Bills,4/28/2025,Nigeria,2/11/2026 0:10
842,TRX-39864496,785,17,Fixed Deposit,101511,2672546,1783627,None,3/12/2026,Ireland,11/28/2025 6:42
843,TRX-98696531,502,2,Fixed Deposit,26343459,545550,0,None,2/3/2025,Nigeria,7/8/2026 7:48
844,TRX-29057888,289,13,Savings,43257745,3328662,0,Mutual Fund,5/25/2025,United States,12/23/2025 11:04
845,TRX-90987714,188,9,Domiciliary,1234362,3357854,0,Fixed Deposit,5/13/2025,Nigeria,11/3/2025 5:45
846,TRX-76521457,487,16,Current,8395315,209261,0,Bonds,10/30/2025,Nigeria,9/29/2025 11:32
847,TRX-28460918,371,7,Fixed Deposit,33626287,4139833,0,None,3/13/2025,Ireland,7/7/2026 22:22
848,TRX-92529198,538,5,Savings,39048736,3163941,1938267,Mutual Fund,6/18/2025,Nigeria,7/20/2026 11:27
849,TRX-24225381,40,14,Savings,29165430,4790391,656053,Fixed Deposit,12/28/2025,United States,1/11/2026 4:45
850,TRX-38705518,41,10,Savings,33106082,4599458,0,None,1/29/2025,United States,11/13/2025 15:17
851,TRX-47660523,267,10,Fixed Deposit,13434571,2797495,1447491,Bonds,2/12/2025,Nigeria,6/7/2026 13:35
852,TRX-49011182,633,8,Fixed Deposit,3939660,3109766,0,Treasury Bills,7/31/2026,Nigeria,9/6/2025 2:46
853,TRX-37413785,108,12,Fixed Deposit,43392565,846537,0,Mutual Fund,4/26/2025,Nigeria,9/25/2025 15:37
854,TRX-97618212,263,1,Savings,28764638,4079622,0,Mutual Fund,1/8/2026,United States,11/12/2025 6:19
855,TRX-99780389,442,15,Domiciliary,14261086,1319245,1155260,None,8/13/2025,Nigeria,5/25/2026 5:33
856,TRX-18270834,470,18,Current,21221108,1790448,452884,Fixed Deposit,2/20/2025,United States,5/26/2026 9:44
857,TRX-26598934,150,3,Current,17224420,2056742,0,Mutual Fund,2/18/2025,Nigeria,5/3/2026 14:07
858,TRX-15586469,626,4,Domiciliary,5077546,4639756,0,None,6/14/2026,United States,9/19/2025 12:43
859,TRX-12829962,32,5,Domiciliary,46532593,377719,1523609,Mutual Fund,3/15/2025,United States,3/8/2026 16:55
860,TRX-23180497,199,9,Current,43904408,3598044,251868,Mutual Fund,9/19/2025,Nigeria,10/4/2025 21:56
861,TRX-82610022,454,10,Domiciliary,4219330,1392327,146631,Fixed Deposit,3/18/2026,Nigeria,5/5/2026 8:49
862,TRX-61066359,750,4,Current,3548864,1121163,0,Mutual Fund,7/24/2026,Nigeria,8/28/2025 23:47
863,TRX-79455522,6,9,Savings,13963806,1972740,163145,Fixed Deposit,2/6/2025,Nigeria,4/9/2026 6:11
864,TRX-54441298,395,8,Savings,41169771,3825305,1360170,Treasury Bills,11/6/2025,Ireland,12/20/2025 14:48
865,TRX-97058040,451,7,Fixed Deposit,10679175,1566678,0,Treasury Bills,10/31/2025,Nigeria,6/1/2026 17:15
866,TRX-80264399,177,9,Domiciliary,44559644,3785590,1187064,Bonds,3/7/2025,United States,5/28/2026 11:05
867,TRX-80108682,513,8,Domiciliary,26719331,101775,1850360,Bonds,9/5/2025,Nigeria,4/5/2026 12:12
868,TRX-46088559,607,18,Savings,3385247,2490415,382713,Treasury Bills,7/26/2025,Nigeria,5/18/2026 2:09
869,TRX-91727357,330,18,Domiciliary,49386938,2147960,0,Fixed Deposit,9/15/2025,United States,10/25/2025 10:09
870,TRX-45878900,723,3,Current,46288541,1656504,741572,Bonds,7/21/2025,Nigeria,12/21/2025 17:10
871,TRX-69374230,602,14,Fixed Deposit,15311970,3737792,0,Fixed Deposit,11/12/2025,United States,4/16/2026 14:49
872,TRX-19258912,511,7,Savings,31822077,941472,204274,Mutual Fund,2/16/2026,Nigeria,12/10/2025 23:26
873,TRX-45167213,197,3,Domiciliary,24282258,3960803,0,None,4/24/2026,United States,9/11/2025 4:32
874,TRX-15937189,615,15,Fixed Deposit,30145112,1489339,0,Mutual Fund,6/30/2025,United States,9/28/2025 15:09
875,TRX-34099603,690,11,Domiciliary,17904367,1432284,1346214,None,11/18/2025,Nigeria,4/26/2026 14:56
876,TRX-21381551,296,9,Fixed Deposit,11322797,730764,1794083,Fixed Deposit,4/28/2026,Nigeria,6/9/2026 23:57
877,TRX-41991822,578,6,Current,3794205,811198,596726,Mutual Fund,10/20/2025,Nigeria,1/20/2026 13:57
878,TRX-45643819,605,4,Current,10740256,2992060,0,Treasury Bills,4/7/2026,United States,9/13/2025 17:23
879,TRX-08679829,419,5,Fixed Deposit,4760001,845802,0,Treasury Bills,11/29/2025,United States,3/9/2026 3:10
880,TRX-64508773,544,9,Domiciliary,34490374,372521,0,Treasury Bills,3/23/2025,Nigeria,5/11/2026 13:33
881,TRX-82553012,9,1,Savings,39849585,1660699,0,Treasury Bills,11/1/2025,Nigeria,6/28/2026 23:25
882,TRX-50426078,39,14,Domiciliary,39875833,2199905,0,None,2/4/2026,Nigeria,2/11/2026 20:35
883,TRX-04161484,411,9,Savings,5885786,2424424,0,Fixed Deposit,10/14/2025,Nigeria,5/31/2026 1:38
884,TRX-23508805,701,10,Fixed Deposit,26890021,2154407,0,Bonds,3/13/2026,Nigeria,9/15/2025 4:25
885,TRX-36323604,24,4,Domiciliary,4534438,1924124,0,None,9/19/2025,Nigeria,7/1/2026 13:56
886,TRX-11907136,344,16,Savings,7740533,783549,287925,Fixed Deposit,6/17/2026,Nigeria,2/4/2026 21:10
887,TRX-39283547,607,18,Current,24137061,4973973,608529,Treasury Bills,1/22/2025,Nigeria,12/27/2025 0:03
888,TRX-33698074,591,18,Current,23003070,4539241,0,Treasury Bills,8/6/2025,Nigeria,11/24/2025 10:16
889,TRX-19997737,30,14,Savings,44945940,2143112,0,Fixed Deposit,1/16/2025,Nigeria,11/11/2025 14:44
890,TRX-44001687,471,5,Domiciliary,37741763,293327,1900876,Fixed Deposit,11/19/2025,United States,6/4/2026 11:31
891,TRX-27117111,501,16,Savings,29799777,1029307,0,Treasury Bills,10/24/2025,Nigeria,5/29/2026 8:41
892,TRX-97236731,149,12,Savings,31857285,2048054,173423,Fixed Deposit,8/6/2025,Nigeria,6/10/2026 21:28
893,TRX-36628868,95,7,Current,28004996,357898,878067,Bonds,5/23/2025,Nigeria,8/28/2025 1:40
894,TRX-08964291,768,8,Fixed Deposit,45408041,528351,102258,Treasury Bills,2/26/2025,Ireland,7/10/2026 20:10
895,TRX-39256571,89,6,Fixed Deposit,15762866,2501211,0,Fixed Deposit,4/15/2025,Ireland,12/3/2025 0:28
896,TRX-66087507,251,17,Savings,12099039,4278011,655016,Mutual Fund,6/17/2025,United States,12/12/2025 21:03
897,TRX-01053826,758,11,Domiciliary,8503388,4113557,0,Mutual Fund,4/17/2026,Nigeria,2/27/2026 12:46
898,TRX-32489423,20,9,Domiciliary,11912961,597678,1200043,Mutual Fund,11/24/2025,Nigeria,8/11/2026 7:35
899,TRX-88941032,94,10,Fixed Deposit,28875784,2488752,1250670,Fixed Deposit,10/29/2025,Nigeria,3/23/2026 5:06
900,TRX-53070434,378,2,Current,18556021,3199940,0,Bonds,4/16/2025,Nigeria,12/2/2025 13:03
901,TRX-09217181,708,15,Current,25226222,2665638,0,Fixed Deposit,4/21/2025,Ireland,9/30/2025 5:21
902,TRX-42926576,628,18,Domiciliary,4608452,3278702,0,None,7/7/2026,Nigeria,2/14/2026 12:50
903,TRX-81895696,303,18,Domiciliary,31176679,340129,48405,None,11/3/2025,United States,4/23/2026 9:41
904,TRX-03954919,565,2,Savings,44053998,1514163,1882512,Fixed Deposit,5/7/2026,United States,7/6/2026 23:15
905,TRX-49348564,355,12,Domiciliary,33683660,761998,0,Bonds,7/9/2026,Nigeria,5/31/2026 1:20
906,TRX-06414318,388,2,Savings,9128468,3451082,0,Treasury Bills,1/15/2025,Nigeria,5/24/2026 3:33
907,TRX-23364057,46,1,Fixed Deposit,20959691,3380665,611640,Bonds,6/14/2025,United States,10/26/2025 15:44
908,TRX-11300586,456,12,Fixed Deposit,8725219,1339101,0,Treasury Bills,6/13/2026,Nigeria,5/31/2026 3:10
909,TRX-97789742,305,14,Fixed Deposit,18531874,3668795,0,Bonds,6/26/2025,Nigeria,1/10/2026 10:11
910,TRX-75813170,461,3,Savings,40734666,4967156,0,Mutual Fund,1/6/2026,Nigeria,1/20/2026 18:44
911,TRX-05321441,770,9,Current,614570,2418526,0,None,12/16/2025,Nigeria,11/11/2025 3:47
912,TRX-83940280,623,6,Domiciliary,4265954,4212703,1667040,Bonds,6/12/2026,Nigeria,6/3/2026 23:59
913,TRX-65193469,370,12,Savings,20511912,4469008,115055,Fixed Deposit,5/26/2025,Nigeria,9/26/2025 14:01
914,TRX-89334461,554,1,Fixed Deposit,10771272,3420520,1147705,Mutual Fund,5/1/2025,Nigeria,7/12/2026 21:55
915,TRX-91682317,428,8,Savings,2676356,2190375,0,Treasury Bills,8/10/2025,United States,2/3/2026 17:33
916,TRX-45131094,143,10,Savings,22774919,951744,0,Mutual Fund,8/10/2025,Nigeria,9/18/2025 18:59
917,TRX-49506335,554,1,Savings,5516852,1279259,129252,None,4/29/2025,Nigeria,4/25/2026 15:12
918,TRX-55215427,751,7,Fixed Deposit,6314475,4603436,0,Mutual Fund,1/10/2026,United States,7/17/2026 22:32
919,TRX-24346321,294,5,Domiciliary,4747347,3327892,0,Bonds,10/24/2025,Ireland,9/2/2025 6:28
920,TRX-79642535,225,4,Fixed Deposit,17222168,2576742,119706,None,5/20/2026,Nigeria,1/16/2026 12:41
921,TRX-42434803,104,2,Savings,12564888,3345111,1466578,Treasury Bills,2/17/2026,Nigeria,8/15/2026 2:24
922,TRX-42936269,773,4,Domiciliary,24948272,1321906,0,Fixed Deposit,9/4/2025,Nigeria,3/11/2026 12:49
923,TRX-90609128,664,4,Domiciliary,47742137,2051460,1371254,None,1/25/2026,Ireland,4/2/2026 18:52
924,TRX-89773714,465,1,Domiciliary,47680296,4674285,1472083,Treasury Bills,4/28/2025,Nigeria,10/9/2025 19:21
925,TRX-80337340,732,11,Current,13978729,904297,737920,Bonds,9/20/2025,Nigeria,2/7/2026 18:12
926,TRX-58992244,533,1,Savings,47277689,4721236,0,Fixed Deposit,4/5/2025,Nigeria,6/6/2026 20:25
927,TRX-72981595,675,10,Current,28866736,2506560,0,Fixed Deposit,6/24/2026,United States,3/31/2026 11:22
928,TRX-64708218,750,4,Domiciliary,48359299,278402,765903,Treasury Bills,6/1/2025,Nigeria,11/24/2025 13:11
929,TRX-51597606,335,16,Current,33857932,4424215,869194,Bonds,11/27/2025,Nigeria,2/15/2026 18:16
930,TRX-84370485,146,18,Current,37275126,2644175,1017383,Mutual Fund,6/24/2026,Nigeria,9/17/2025 7:54
931,TRX-33483285,448,4,Current,49309542,4708521,1867327,Mutual Fund,9/27/2025,Ireland,8/4/2026 23:03
932,TRX-08928251,218,1,Fixed Deposit,29397368,2221534,1129739,Treasury Bills,9/17/2025,Ireland,4/15/2026 16:32
933,TRX-78685862,187,16,Savings,7197140,3514672,316324,Bonds,6/1/2025,Nigeria,11/8/2025 6:13
934,TRX-19147620,501,16,Fixed Deposit,315431,2340166,0,None,5/25/2026,Nigeria,12/2/2025 1:31
935,TRX-99398685,159,4,Savings,19229910,2069925,0,Bonds,6/12/2025,United States,9/2/2025 20:46
936,TRX-02220947,307,11,Domiciliary,28553165,2937655,1165484,Treasury Bills,5/25/2025,Nigeria,7/7/2026 7:19
937,TRX-41686690,662,6,Fixed Deposit,35943165,1133028,0,Fixed Deposit,10/7/2025,Nigeria,2/28/2026 2:34
938,TRX-93846605,682,18,Current,17535066,4464887,0,None,4/6/2025,Nigeria,6/23/2026 13:17
939,TRX-07131696,195,12,Domiciliary,6101943,4462885,0,Fixed Deposit,2/25/2025,United States,2/13/2026 4:20
940,TRX-63767072,589,3,Domiciliary,7944495,4922726,371664,Mutual Fund,11/7/2025,Nigeria,5/7/2026 14:25
941,TRX-35906085,691,14,Fixed Deposit,38633836,4033707,554872,Mutual Fund,2/13/2025,United States,4/30/2026 9:55
942,TRX-62587541,434,14,Current,6891085,3235610,843132,Mutual Fund,4/23/2026,Nigeria,4/30/2026 15:10
943,TRX-15872239,107,12,Current,31516766,1832678,51250,Fixed Deposit,1/13/2026,United States,11/23/2025 5:49
944,TRX-00705563,701,10,Domiciliary,30180811,1680133,0,Treasury Bills,5/4/2025,United States,1/1/2026 23:30
945,TRX-53035969,220,11,Domiciliary,27769436,1146082,813738,Mutual Fund,3/23/2025,Nigeria,2/23/2026 8:22
946,TRX-76666056,345,13,Fixed Deposit,9120750,4957551,0,None,6/26/2026,Nigeria,2/24/2026 11:40
947,TRX-49989712,46,1,Fixed Deposit,20684325,4765849,1187420,Treasury Bills,6/2/2026,Nigeria,7/2/2026 8:56
948,TRX-74950049,382,8,Domiciliary,22799984,57147,0,None,4/11/2025,United States,6/2/2026 19:09
949,TRX-56317134,756,5,Current,36474207,3852883,0,None,11/11/2025,Ireland,12/7/2025 19:13
950,TRX-02371245,235,15,Fixed Deposit,44957952,3675213,0,Fixed Deposit,1/14/2026,Ireland,9/26/2025 17:37
951,TRX-38458466,794,5,Domiciliary,39895063,2385829,0,Fixed Deposit,7/14/2025,Nigeria,4/24/2026 21:06
952,TRX-01972137,276,15,Current,5802324,4669865,238930,Bonds,11/29/2025,Nigeria,3/29/2026 17:59
953,TRX-34511043,21,6,Savings,25734403,4981314,0,Treasury Bills,1/9/2026,Nigeria,4/7/2026 20:46
954,TRX-42723196,771,7,Fixed Deposit,10803852,872497,345351,Mutual Fund,4/17/2026,Nigeria,10/3/2025 3:14
955,TRX-75588858,693,1,Fixed Deposit,17660062,2787351,0,Bonds,3/25/2025,United States,7/19/2026 3:43
956,TRX-27794531,349,4,Domiciliary,37102709,757367,0,Fixed Deposit,1/6/2026,Ireland,3/4/2026 6:23
957,TRX-39799943,182,16,Domiciliary,10077417,850727,225404,Bonds,11/22/2025,United States,4/9/2026 9:38
958,TRX-34380328,130,7,Current,210498,2652537,80634,Mutual Fund,3/28/2025,Nigeria,10/12/2025 17:45
959,TRX-66223616,649,3,Savings,1740383,1087094,0,Fixed Deposit,9/28/2025,Ireland,5/9/2026 20:15
960,TRX-39226687,302,16,Savings,45191691,818677,525136,Fixed Deposit,2/12/2026,Nigeria,8/31/2025 12:19
961,TRX-98576869,309,7,Fixed Deposit,42585690,2748473,1478468,Mutual Fund,1/1/2026,Nigeria,11/5/2025 15:47
962,TRX-15551105,274,4,Fixed Deposit,40707872,1601351,1263872,Bonds,3/27/2025,Nigeria,3/25/2026 23:44
963,TRX-79952145,229,18,Savings,19661025,3635440,321623,Bonds,6/3/2026,Nigeria,3/24/2026 22:24
964,TRX-83853573,183,11,Savings,717576,3311434,0,Treasury Bills,2/25/2025,United States,11/29/2025 0:31
965,TRX-14659485,211,15,Current,44669140,2491816,0,Fixed Deposit,3/6/2026,Ireland,3/26/2026 15:29
966,TRX-47943322,638,9,Fixed Deposit,2176643,1507071,1654730,Mutual Fund,2/15/2025,Nigeria,8/6/2026 20:43
967,TRX-70918878,231,9,Fixed Deposit,26927391,214030,0,None,7/20/2026,Nigeria,1/24/2026 8:39
968,TRX-67957610,75,17,Current,49957552,2857551,0,Treasury Bills,7/1/2026,Nigeria,2/17/2026 21:39
969,TRX-51796145,10,2,Savings,20937667,2723820,312161,Mutual Fund,1/15/2025,United States,1/4/2026 6:40
970,TRX-98225817,280,18,Domiciliary,16539965,4017720,1358972,None,9/23/2025,United States,12/7/2025 3:13
971,TRX-00945987,771,7,Savings,25989313,4892283,0,Mutual Fund,10/10/2025,United States,11/23/2025 0:02
972,TRX-03789480,590,2,Fixed Deposit,49105082,1680586,1958815,None,10/4/2025,Nigeria,5/4/2026 2:20
973,TRX-84005820,476,9,Fixed Deposit,46386742,593721,0,Mutual Fund,1/18/2025,Nigeria,5/26/2026 22:33
974,TRX-18121071,310,2,Current,30814667,84341,448753,None,7/29/2025,United States,5/19/2026 2:43
975,TRX-70939299,461,3,Fixed Deposit,14414633,4031119,0,Treasury Bills,6/5/2026,Nigeria,3/9/2026 1:40
976,TRX-12193734,323,12,Current,44637569,3966642,1363687,Fixed Deposit,6/23/2025,United States,9/8/2025 10:55
977,TRX-93757423,347,1,Savings,22174235,2209984,0,Bonds,3/2/2025,Nigeria,3/10/2026 3:47
978,TRX-69872359,195,12,Savings,8221798,4843328,1565398,Mutual Fund,6/5/2025,Ireland,6/15/2026 19:20
979,TRX-73985238,736,15,Fixed Deposit,13562445,2914607,1852378,Treasury Bills,6/2/2025,United States,6/26/2026 20:14
980,TRX-21136010,478,10,Fixed Deposit,25488280,4972162,0,Bonds,3/31/2026,Nigeria,9/12/2025 7:00
981,TRX-12632386,743,16,Savings,6706962,4299277,1862916,Mutual Fund,3/5/2026,United States,7/23/2026 2:18
982,TRX-20950315,617,18,Fixed Deposit,23420008,1219059,536807,Mutual Fund,4/11/2025,Nigeria,12/12/2025 17:58
983,TRX-40291160,532,12,Current,32126237,1635141,0,Treasury Bills,10/6/2025,Nigeria,12/14/2025 17:00
984,TRX-46047852,744,1,Fixed Deposit,17173310,4336567,761311,Mutual Fund,4/4/2025,Ireland,8/19/2025 6:04
985,TRX-36739871,118,2,Domiciliary,9344263,3281294,186425,Fixed Deposit,2/10/2025,Ireland,11/8/2025 11:10
986,TRX-44170485,65,14,Current,37703274,1852563,0,None,2/14/2026,Nigeria,1/5/2026 2:23
987,TRX-57182740,655,17,Fixed Deposit,26666037,1979129,0,None,6/7/2025,United States,11/9/2025 2:54
988,TRX-67069842,664,4,Domiciliary,14401834,3618014,0,None,8/9/2025,Nigeria,4/21/2026 22:57
989,TRX-00226986,572,9,Current,43998353,1251768,0,Mutual Fund,5/19/2026,United States,3/10/2026 15:36
990,TRX-04025272,621,8,Domiciliary,8450729,1064632,0,Treasury Bills,6/12/2026,Nigeria,12/9/2025 18:33
991,TRX-48637968,245,13,Fixed Deposit,24474846,2417638,570901,Bonds,5/10/2026,United States,6/2/2026 15:49
992,TRX-84638000,461,3,Domiciliary,10412772,3962713,169470,Fixed Deposit,5/29/2025,Nigeria,4/15/2026 1:15
993,TRX-39212524,565,2,Current,13679453,1763236,0,Treasury Bills,2/15/2025,Nigeria,8/10/2026 7:48
994,TRX-50230772,781,14,Savings,18377872,1266029,0,Mutual Fund,7/31/2025,United States,8/29/2025 18:37
995,TRX-23013502,727,15,Current,4422864,2542691,0,None,2/28/2025,Nigeria,2/11/2026 21:15
996,TRX-44899916,442,15,Current,17224637,1618145,549294,Treasury Bills,5/5/2026,Nigeria,7/19/2026 16:19
997,TRX-96089596,723,3,Savings,15882565,4068881,0,None,11/11/2025,Nigeria,5/23/2026 16:08
998,TRX-82367273,80,17,Domiciliary,32311143,2142483,0,Treasury Bills,2/13/2025,United States,4/26/2026 18:19
999,TRX-01677684,632,11,Domiciliary,12274236,1533325,881842,Fixed Deposit,7/18/2025,Nigeria,1/14/2026 5:28
1000,TRX-16398599,65,14,Savings,6645548,1457024,0,Bonds,9/24/2025,Nigeria,8/4/2026 18:37
1001,TRX-50242504,244,16,Domiciliary,49915561,674920,597994,Fixed Deposit,12/16/2025,Nigeria,8/23/2025 15:57
1002,TRX-76544367,791,15,Current,47144492,21382,0,None,6/22/2025,United States,2/5/2026 13:31
1003,TRX-89031902,119,10,Fixed Deposit,47420643,664468,0,Fixed Deposit,4/18/2026,United States,3/25/2026 12:51
1004,TRX-23398523,378,2,Savings,2024140,2949060,662360,Bonds,1/11/2025,Nigeria,6/7/2026 1:15
1005,TRX-58874893,623,6,Fixed Deposit,28412299,3653416,0,None,5/13/2026,Ireland,10/6/2025 10:51
1006,TRX-76117748,573,4,Current,49491573,276287,0,Fixed Deposit,6/25/2026,United States,4/9/2026 15:43
1007,TRX-22436044,468,9,Current,37250363,1313142,0,Bonds,1/13/2025,Nigeria,11/29/2025 17:19
1008,TRX-45937642,34,12,Savings,8711474,2644048,0,Treasury Bills,5/29/2026,Nigeria,10/14/2025 2:41
1009,TRX-85333094,787,2,Savings,17256269,3250551,0,Fixed Deposit,7/12/2026,Nigeria,12/26/2025 23:11
1010,TRX-26036946,598,11,Current,28642103,1825537,0,Treasury Bills,5/26/2026,Nigeria,1/30/2026 20:19
1011,TRX-02555749,285,1,Domiciliary,44884968,4331391,0,Fixed Deposit,2/23/2025,United States,2/25/2026 9:00
1012,TRX-94474821,100,5,Fixed Deposit,4657667,437984,0,Fixed Deposit,5/20/2026,Nigeria,2/7/2026 9:11
1013,TRX-03589559,541,14,Fixed Deposit,4305400,4807779,970370,Mutual Fund,5/20/2025,Nigeria,3/31/2026 8:59
1014,TRX-33077641,189,17,Domiciliary,24501271,1860864,1327538,Fixed Deposit,6/12/2026,United States,11/20/2025 11:20
1015,TRX-48731895,744,1,Fixed Deposit,2468252,231367,251645,Bonds,5/21/2025,Nigeria,1/1/2026 18:54
1016,TRX-94284477,768,8,Domiciliary,9310452,2266118,599863,Fixed Deposit,12/17/2025,Nigeria,10/2/2025 5:28
1017,TRX-37765337,39,14,Savings,30438460,864535,967325,Mutual Fund,5/7/2025,Nigeria,5/17/2026 15:29
1018,TRX-00648590,766,17,Domiciliary,6366948,3441330,0,Treasury Bills,12/18/2025,Ireland,8/5/2026 15:52
1019,TRX-87903401,575,13,Savings,16672095,3749701,0,Bonds,12/13/2025,United States,6/17/2026 21:51
1020,TRX-05676737,670,18,Domiciliary,18192211,1044942,0,Bonds,8/3/2025,Nigeria,3/25/2026 6:03
1021,TRX-00793132,165,15,Savings,25786709,4092988,0,Mutual Fund,5/25/2026,United States,8/9/2026 8:14
1022,TRX-09300817,270,7,Current,49806920,1088603,252593,None,6/17/2026,Nigeria,3/17/2026 14:32
1023,TRX-00391742,316,4,Savings,34632704,951068,931448,Bonds,11/16/2025,United States,11/21/2025 16:34
1024,TRX-69327016,51,6,Savings,47440745,1725493,0,Fixed Deposit,2/16/2026,Nigeria,2/12/2026 22:00
1025,TRX-57790183,691,14,Current,42183843,729006,448322,Treasury Bills,6/20/2025,Nigeria,5/21/2026 13:28
1026,TRX-34902925,98,3,Current,46119790,4262389,1861551,Treasury Bills,10/9/2025,Nigeria,10/11/2025 18:40
1027,TRX-95936142,470,18,Fixed Deposit,7685344,466020,952542,Fixed Deposit,3/9/2025,Nigeria,10/23/2025 4:28
1028,TRX-60457988,782,12,Savings,26907496,2047868,563556,Fixed Deposit,11/19/2025,United States,4/13/2026 17:18
1029,TRX-44059797,146,18,Current,34063671,649553,1717540,Fixed Deposit,1/29/2026,Nigeria,7/26/2026 16:16
1030,TRX-97491818,781,14,Fixed Deposit,32608135,3295112,162152,Treasury Bills,11/16/2025,Nigeria,4/8/2026 16:25
1031,TRX-85805905,248,2,Savings,30275408,105952,0,Mutual Fund,9/14/2025,Ireland,10/23/2025 10:31
1032,TRX-04307485,708,15,Savings,1724382,1413425,421516,Bonds,2/6/2026,United States,3/3/2026 12:43
1033,TRX-12684095,486,15,Current,10091842,4888852,0,None,7/18/2025,Nigeria,8/5/2026 23:00
1034,TRX-08577915,678,9,Savings,24312777,1940031,376570,Bonds,11/16/2025,Nigeria,10/21/2025 11:26
1035,TRX-97121538,724,13,Domiciliary,49662641,2984736,0,None,9/8/2025,Nigeria,5/13/2026 18:11
1036,TRX-62502723,609,18,Savings,10828260,2234886,1408514,Fixed Deposit,10/2/2025,United States,8/1/2026 18:17
1037,TRX-53788388,475,17,Current,33939284,3319333,0,None,8/1/2025,United States,9/6/2025 4:48
1038,TRX-88762496,8,1,Domiciliary,11244070,385947,638725,Mutual Fund,5/22/2026,Ireland,6/21/2026 5:53
1039,TRX-11742274,387,5,Current,43279915,485609,0,Mutual Fund,9/1/2025,United States,9/17/2025 6:06
1040,TRX-65118683,162,15,Fixed Deposit,9510024,1255308,0,Mutual Fund,1/13/2026,Nigeria,10/10/2025 1:59
1041,TRX-67186649,487,16,Current,8630650,455205,52472,None,8/31/2025,United States,9/29/2025 16:10
1042,TRX-65477616,779,9,Fixed Deposit,29628828,2021507,0,Bonds,4/8/2026,Nigeria,12/2/2025 23:18
1043,TRX-81298481,519,12,Fixed Deposit,49313572,3964351,0,Mutual Fund,7/21/2025,United States,9/1/2025 5:55
1044,TRX-91006626,601,4,Domiciliary,18395479,4919885,292350,None,12/31/2025,Ireland,2/15/2026 14:32
1045,TRX-21314805,583,4,Fixed Deposit,9630275,742867,1372508,Fixed Deposit,9/6/2025,Nigeria,8/9/2026 1:21
1046,TRX-22337062,199,9,Savings,43830989,753593,1633871,None,2/28/2026,Nigeria,9/3/2025 1:31
1047,TRX-22624513,143,10,Fixed Deposit,14309827,3462474,1741733,Fixed Deposit,3/3/2026,Nigeria,5/3/2026 0:59
1048,TRX-06680631,489,3,Fixed Deposit,28093957,3424098,0,Treasury Bills,4/25/2025,Nigeria,2/10/2026 1:58
1049,TRX-02082537,635,7,Domiciliary,38470305,4251871,931530,Mutual Fund,12/12/2025,Nigeria,4/13/2026 1:00
1050,TRX-00665033,315,7,Savings,20355137,1784889,0,Mutual Fund,1/17/2025,Nigeria,6/7/2026 11:28
1051,TRX-61307681,169,8,Fixed Deposit,47099593,331653,0,Treasury Bills,8/16/2025,Nigeria,2/25/2026 16:21
1052,TRX-44002729,760,1,Domiciliary,11893832,3095751,0,Bonds,7/1/2026,Nigeria,7/30/2026 17:58
1053,TRX-51752766,263,1,Domiciliary,30646329,1413906,11719,Bonds,2/20/2025,Nigeria,8/30/2025 0:24
1054,TRX-33118758,305,14,Savings,28139383,708538,0,Fixed Deposit,10/18/2025,Nigeria,11/21/2025 5:17
1055,TRX-79526863,120,1,Savings,28336943,1411347,1549945,Fixed Deposit,2/20/2025,Nigeria,7/24/2026 18:32
1056,TRX-22517208,360,14,Savings,46768896,1615486,0,None,7/27/2026,Nigeria,3/26/2026 18:07
1057,TRX-95460801,149,12,Domiciliary,2160094,2070320,1624232,Treasury Bills,2/10/2025,United States,12/12/2025 19:10
1058,TRX-58744428,581,4,Savings,7900154,2790373,0,Mutual Fund,5/12/2026,Nigeria,5/30/2026 3:11
1059,TRX-30360628,42,18,Current,14181477,4495522,0,None,6/6/2026,Ireland,2/1/2026 21:18
1060,TRX-14418081,268,18,Domiciliary,46389086,960874,0,Fixed Deposit,2/8/2025,United States,9/9/2025 11:56
1061,TRX-75168487,355,12,Savings,40843514,4808464,0,Treasury Bills,1/24/2025,Nigeria,10/1/2025 14:07
1062,TRX-84086484,557,1,Current,34792102,4863213,0,None,7/19/2025,Nigeria,11/3/2025 20:49
1063,TRX-16749224,619,1,Domiciliary,44689341,221751,0,Mutual Fund,2/28/2026,United States,8/17/2025 16:37
1064,TRX-06127992,151,18,Savings,34714283,3295171,83102,Treasury Bills,7/16/2025,Nigeria,2/7/2026 15:09
1065,TRX-40201471,677,17,Current,24875429,4251129,593379,Bonds,7/23/2025,Nigeria,10/15/2025 6:57
1066,TRX-34274755,56,5,Fixed Deposit,3800496,2412776,0,Treasury Bills,7/24/2026,Nigeria,3/30/2026 6:24
1067,TRX-87439261,642,8,Savings,33554343,4308377,1520933,None,4/28/2026,United States,7/26/2026 17:06
1068,TRX-47068523,328,11,Current,18870161,1981828,69002,Fixed Deposit,1/3/2025,United States,3/17/2026 7:09
1069,TRX-97206749,800,18,Savings,6888424,180470,0,Fixed Deposit,2/27/2025,Nigeria,8/20/2025 0:54
1070,TRX-81105587,694,1,Current,15753053,1580450,800662,Treasury Bills,4/21/2026,Nigeria,12/19/2025 13:50
1071,TRX-94130399,626,4,Domiciliary,42886360,882306,461201,Treasury Bills,5/7/2026,United States,6/6/2026 10:58
1072,TRX-26293313,411,9,Fixed Deposit,38393889,4093818,373505,Bonds,6/17/2026,Nigeria,4/8/2026 21:11
1073,TRX-78710040,31,8,Fixed Deposit,18139780,4678272,449346,Treasury Bills,5/12/2026,Nigeria,9/10/2025 2:57
1074,TRX-22292853,566,2,Current,30416588,3439520,137458,Fixed Deposit,4/8/2025,Ireland,4/20/2026 16:30
1075,TRX-70539170,331,5,Current,820495,3777798,0,None,3/17/2025,Nigeria,12/27/2025 5:40
1076,TRX-47607629,264,8,Current,5998601,680078,0,Bonds,4/7/2025,United States,12/7/2025 6:22
1077,TRX-97839508,298,13,Current,10379688,2379421,1668451,Mutual Fund,7/3/2025,Nigeria,12/6/2025 20:50
1078,TRX-03027267,203,5,Domiciliary,33875936,4036965,449272,Treasury Bills,12/19/2025,Nigeria,10/12/2025 14:31
1079,TRX-16903251,430,8,Savings,40660755,3120519,0,Treasury Bills,2/1/2026,Nigeria,3/29/2026 15:55
1080,TRX-62702328,427,4,Fixed Deposit,36341206,3414423,1019278,Treasury Bills,5/31/2025,United States,4/24/2026 23:18
1081,TRX-84674776,400,2,Fixed Deposit,80748,2611081,802794,Bonds,12/23/2025,United States,2/19/2026 22:42
1082,TRX-87512158,667,4,Savings,1715691,3616372,0,Treasury Bills,10/24/2025,United States,11/22/2025 9:35
1083,TRX-16886243,252,6,Savings,42183554,747646,0,Fixed Deposit,6/9/2025,United States,1/8/2026 20:52
1084,TRX-05344120,557,1,Fixed Deposit,11111288,3571397,0,None,4/26/2026,Nigeria,8/15/2026 10:22
1085,TRX-89804615,673,9,Current,30817811,3141973,0,Bonds,12/3/2025,Nigeria,4/8/2026 0:35
1086,TRX-65748907,622,12,Current,15197419,1817718,772809,Mutual Fund,2/19/2026,United States,11/2/2025 11:06
1087,TRX-90865305,482,15,Domiciliary,6641853,1784766,0,Treasury Bills,4/27/2026,Nigeria,11/19/2025 14:24
1088,TRX-86665588,124,5,Savings,44620636,3913220,1622106,Bonds,5/15/2026,Nigeria,2/9/2026 1:28
1089,TRX-35426263,624,13,Domiciliary,36736291,1688909,0,Fixed Deposit,11/19/2025,Nigeria,1/24/2026 12:23
1090,TRX-06088966,681,16,Domiciliary,33275861,3557192,1768825,None,9/18/2025,United States,1/10/2026 3:57
1091,TRX-96354089,612,1,Fixed Deposit,1088335,2381810,665526,Fixed Deposit,8/5/2025,Nigeria,8/11/2026 4:14
1092,TRX-57938039,142,3,Domiciliary,8369593,4007800,0,Bonds,5/6/2026,Nigeria,4/2/2026 23:19
1093,TRX-02028584,679,6,Current,41556770,2530399,1366059,Treasury Bills,4/6/2026,United States,8/25/2025 20:10
1094,TRX-83705166,555,4,Savings,6854242,1864085,1215395,Treasury Bills,9/17/2025,Nigeria,3/15/2026 9:03
1095,TRX-35014565,696,5,Fixed Deposit,48900786,691771,0,Mutual Fund,1/12/2025,Nigeria,12/11/2025 12:02
1096,TRX-47198001,762,14,Current,26927447,2000524,0,Fixed Deposit,4/6/2025,United States,7/25/2026 20:54
1097,TRX-44082146,434,14,Domiciliary,49731317,3819364,529542,Mutual Fund,4/7/2025,Nigeria,9/5/2025 10:29
1098,TRX-36468320,497,7,Savings,40833668,845400,0,Bonds,6/3/2025,Ireland,1/30/2026 8:03
1099,TRX-84815112,604,7,Fixed Deposit,39419376,3907530,1161001,Treasury Bills,6/3/2026,Nigeria,4/18/2026 21:16
1100,TRX-46579902,339,7,Domiciliary,15204710,2419044,0,None,8/24/2025,Nigeria,3/15/2026 4:11
1101,TRX-71253684,724,13,Current,21419810,3610311,0,Fixed Deposit,4/24/2025,Nigeria,6/21/2026 5:58
1102,TRX-14644110,715,2,Domiciliary,14230609,4292271,0,Fixed Deposit,7/26/2025,Nigeria,8/26/2025 22:24
1103,TRX-00788225,629,9,Domiciliary,11955001,1305170,294327,Treasury Bills,7/16/2026,Nigeria,10/19/2025 12:26
1104,TRX-69359047,308,10,Fixed Deposit,34314462,3219974,864045,None,9/7/2025,Nigeria,3/30/2026 3:00
1105,TRX-58653121,35,6,Current,1590800,81623,998693,Fixed Deposit,7/6/2025,United States,9/28/2025 1:41
1106,TRX-45678694,81,2,Domiciliary,45227659,4818707,0,Bonds,2/21/2025,Nigeria,2/8/2026 0:06
1107,TRX-39793914,24,4,Savings,7706117,326740,69061,Treasury Bills,10/10/2025,Nigeria,7/26/2026 14:23
1108,TRX-52540199,554,1,Current,26637817,1107510,0,Mutual Fund,3/22/2025,Nigeria,1/15/2026 12:31
1109,TRX-54953856,463,2,Current,3765257,2048829,406447,Bonds,2/22/2026,Nigeria,2/24/2026 14:35
1110,TRX-62276813,265,12,Savings,1008095,4585282,0,Mutual Fund,4/29/2026,United States,3/17/2026 15:39
1111,TRX-73729845,264,8,Savings,17271402,1507728,1490011,Fixed Deposit,8/2/2025,Nigeria,2/19/2026 20:09
1112,TRX-68622587,665,15,Fixed Deposit,16608261,3053284,0,Bonds,6/21/2026,Nigeria,6/16/2026 23:08
1113,TRX-23663643,96,11,Savings,48368607,4353962,124645,Mutual Fund,5/14/2026,Nigeria,9/18/2025 3:02
1114,TRX-42228323,586,1,Current,3187941,3517439,0,Mutual Fund,8/18/2025,Nigeria,4/14/2026 17:57
1115,TRX-55890096,446,4,Savings,44070680,4731046,1730207,None,10/18/2025,Nigeria,10/15/2025 1:33
1116,TRX-35381932,84,5,Fixed Deposit,30049207,4775216,292409,Bonds,11/12/2025,Nigeria,4/14/2026 6:26
1117,TRX-17810626,347,1,Current,9023808,3179137,0,None,10/29/2025,United States,5/29/2026 17:14
1118,TRX-69377325,409,12,Fixed Deposit,42136894,1116445,1573456,Fixed Deposit,1/18/2025,Nigeria,7/25/2026 17:13
1119,TRX-18111507,618,16,Domiciliary,15842507,1785623,0,Fixed Deposit,6/22/2025,Nigeria,7/25/2026 16:03
1120,TRX-31368817,683,16,Fixed Deposit,20934596,1184991,1269507,Fixed Deposit,9/19/2025,Ireland,2/9/2026 6:37
1121,TRX-17510091,486,15,Current,36023182,3110193,637314,Treasury Bills,5/21/2025,Nigeria,2/21/2026 6:49
1122,TRX-77119535,468,9,Savings,26856979,1654031,0,Treasury Bills,2/1/2025,United States,4/19/2026 17:06
1123,TRX-33953295,400,2,Current,2038402,4924149,0,Mutual Fund,4/17/2025,Nigeria,2/8/2026 7:30
1124,TRX-33341134,277,16,Current,40377455,2709165,0,Mutual Fund,3/19/2025,Nigeria,7/10/2026 16:01
1125,TRX-60157174,192,13,Domiciliary,11403944,1044356,924893,Bonds,5/31/2026,Nigeria,12/17/2025 6:31
1126,TRX-27313482,248,2,Fixed Deposit,43142452,4896119,0,None,5/2/2025,Nigeria,4/29/2026 7:38
1127,TRX-78024312,666,6,Fixed Deposit,28429341,337557,321209,Bonds,11/17/2025,Nigeria,11/21/2025 12:03
1128,TRX-22414184,660,12,Domiciliary,25074366,3723253,0,Fixed Deposit,3/14/2026,Nigeria,10/23/2025 4:04
1129,TRX-59647462,89,6,Domiciliary,23940427,2844532,0,Bonds,5/23/2025,Nigeria,3/21/2026 1:13
1130,TRX-99754332,697,14,Current,1676632,2308224,560513,Bonds,2/21/2026,Nigeria,5/23/2026 9:58
1131,TRX-53935693,608,16,Fixed Deposit,468083,1309203,1178912,Bonds,5/4/2025,Nigeria,9/10/2025 11:49
1132,TRX-98801683,9,1,Savings,21099481,2944396,0,None,7/30/2026,Nigeria,6/25/2026 11:18
1133,TRX-81816915,415,18,Savings,38881879,781327,0,Treasury Bills,9/14/2025,Ireland,7/15/2026 19:34
1134,TRX-49716142,732,11,Domiciliary,32282031,1971443,1784392,Bonds,3/21/2025,Nigeria,3/15/2026 16:57
1135,TRX-22255339,227,10,Fixed Deposit,36224128,3570805,1129528,Fixed Deposit,6/19/2026,Nigeria,3/11/2026 22:08
1136,TRX-50954419,375,10,Domiciliary,37079608,4715731,0,Fixed Deposit,2/22/2025,United States,4/1/2026 8:01
1137,TRX-23261441,70,14,Savings,49599936,735453,0,Bonds,7/5/2026,United States,4/28/2026 17:51
1138,TRX-77094326,392,12,Current,8634141,2166788,0,None,5/17/2025,Nigeria,12/12/2025 16:53
1139,TRX-90873985,229,18,Domiciliary,365588,4793948,1637660,None,5/3/2026,Nigeria,11/15/2025 23:44
1140,TRX-82758951,577,12,Savings,39436051,1651936,0,None,1/4/2025,Nigeria,5/14/2026 6:05
1141,TRX-68980523,712,4,Current,1619559,332428,1900194,Mutual Fund,7/5/2025,Nigeria,9/7/2025 21:31
1142,TRX-49430242,40,14,Domiciliary,31892893,2900710,967623,Fixed Deposit,2/10/2026,Nigeria,4/20/2026 8:39
1143,TRX-70429421,707,9,Current,44343321,1429971,396366,Mutual Fund,4/3/2025,Nigeria,11/16/2025 21:12
1144,TRX-19655356,477,4,Savings,25720084,3030613,0,Bonds,7/22/2026,Nigeria,10/22/2025 6:00
1145,TRX-28399055,600,13,Current,21347067,3273932,769897,None,2/28/2026,Nigeria,4/17/2026 9:39
1146,TRX-05837798,644,13,Current,18310378,950305,0,Treasury Bills,1/11/2025,Nigeria,12/19/2025 15:27
1147,TRX-95929972,414,9,Fixed Deposit,49048193,2724620,0,Fixed Deposit,4/18/2026,Nigeria,3/31/2026 21:13
1148,TRX-58172424,684,8,Domiciliary,38547096,3773075,0,Bonds,7/29/2026,Nigeria,8/13/2026 7:46
1149,TRX-23414622,566,2,Current,30326676,2763682,1669245,Fixed Deposit,7/17/2025,United States,2/15/2026 23:50
1150,TRX-22048297,181,17,Fixed Deposit,11734869,2328780,919847,Fixed Deposit,3/12/2025,Nigeria,7/27/2026 11:57
1151,TRX-14966287,473,17,Domiciliary,12320229,4373698,1432313,None,5/30/2026,Nigeria,8/14/2026 6:38
1152,TRX-62027710,402,12,Domiciliary,17873140,4210064,803032,Fixed Deposit,5/15/2025,United States,5/18/2026 20:43
1153,TRX-14620928,416,13,Savings,34948698,477691,0,Fixed Deposit,11/4/2025,Nigeria,10/5/2025 21:08
1154,TRX-68951709,409,12,Fixed Deposit,44906947,2206507,721037,Mutual Fund,10/8/2025,Nigeria,9/14/2025 9:15
1155,TRX-12888238,756,5,Savings,4905001,1742315,1198025,Bonds,12/7/2025,Nigeria,4/8/2026 9:02
1156,TRX-22901038,745,6,Fixed Deposit,42949484,162110,0,Treasury Bills,6/21/2025,Ireland,4/16/2026 2:02
1157,TRX-67895637,540,7,Domiciliary,11330579,4515322,0,Bonds,1/30/2025,Nigeria,6/30/2026 9:03
1158,TRX-03201645,162,15,Current,20823061,1778080,767516,None,7/30/2025,United States,8/31/2025 19:43
1159,TRX-09180085,145,8,Fixed Deposit,37969005,3747791,632768,None,8/22/2025,Nigeria,8/22/2025 8:07
1160,TRX-81473841,65,14,Fixed Deposit,7296128,1111956,546348,Treasury Bills,7/16/2026,Nigeria,2/17/2026 5:52
1161,TRX-30108436,123,4,Domiciliary,19509446,1326391,0,Treasury Bills,4/20/2025,United States,9/4/2025 9:30
1162,TRX-79957676,796,17,Fixed Deposit,39739929,4344927,925210,Mutual Fund,4/2/2026,Nigeria,6/21/2026 2:26
1163,TRX-68016172,153,15,Fixed Deposit,4206155,2342691,0,Treasury Bills,3/17/2025,United States,8/30/2025 20:44
1164,TRX-77765635,406,10,Domiciliary,49154561,785735,1719565,None,12/14/2025,United States,9/16/2025 6:25
1165,TRX-62645511,415,18,Current,14845713,454471,0,Mutual Fund,7/5/2025,Nigeria,5/1/2026 15:23
1166,TRX-90130822,291,13,Savings,31311711,605195,0,Bonds,6/16/2026,Nigeria,4/3/2026 11:11
1167,TRX-81789435,693,1,Fixed Deposit,37642971,4649609,0,Mutual Fund,7/27/2025,Ireland,5/11/2026 9:29
1168,TRX-72458999,683,16,Current,43822572,1920493,0,Bonds,4/8/2025,Ireland,2/4/2026 14:44
1169,TRX-37134407,12,15,Current,22766509,1263236,0,Mutual Fund,4/13/2026,Nigeria,1/8/2026 23:58
1170,TRX-06001901,640,2,Savings,29994747,3534015,0,None,4/4/2025,United States,6/23/2026 21:29
1171,TRX-95425767,697,14,Current,38311634,226859,53136,Mutual Fund,2/23/2026,Nigeria,8/11/2026 6:32
1172,TRX-79592526,628,18,Fixed Deposit,27926489,2532976,161745,Fixed Deposit,6/9/2026,United States,6/2/2026 3:06
1173,TRX-69693022,461,3,Fixed Deposit,24210274,352686,0,Mutual Fund,5/14/2026,Nigeria,7/29/2026 20:49
1174,TRX-59278545,38,3,Current,26807778,460232,0,Mutual Fund,7/20/2025,Nigeria,6/24/2026 0:29
1175,TRX-78861108,362,6,Domiciliary,1295101,4932035,0,Bonds,2/14/2026,Nigeria,1/5/2026 0:36
1176,TRX-65683923,488,13,Current,1794562,529197,1844673,None,8/17/2025,Nigeria,3/26/2026 21:59
1177,TRX-47282789,332,14,Current,4843639,4268200,487363,Treasury Bills,4/2/2025,Nigeria,1/14/2026 18:01
1178,TRX-31936149,478,10,Savings,15791955,468596,0,Fixed Deposit,5/8/2025,Nigeria,6/9/2026 13:28
1179,TRX-11272061,301,17,Current,28442452,33148,652327,Bonds,12/14/2025,Nigeria,12/30/2025 5:51
1180,TRX-46260381,176,15,Savings,5763895,1783077,393452,Fixed Deposit,5/30/2026,Nigeria,3/25/2026 2:51
1181,TRX-74426344,22,11,Savings,15904689,2315168,1702183,Treasury Bills,6/29/2025,Nigeria,3/23/2026 19:47
1182,TRX-09298535,661,6,Current,10636602,1623435,229619,Bonds,6/27/2025,Nigeria,6/24/2026 8:24
1183,TRX-12037614,283,10,Fixed Deposit,37629849,1969624,0,Mutual Fund,8/15/2025,Nigeria,2/28/2026 0:39
1184,TRX-61828918,668,8,Current,40416809,779272,1864587,Bonds,10/12/2025,Nigeria,4/18/2026 11:04
1185,TRX-06259398,226,16,Current,12986306,3387829,0,None,9/29/2025,Nigeria,5/29/2026 10:38
1186,TRX-06381600,388,2,Savings,35711849,637458,1057399,Fixed Deposit,1/5/2025,United States,12/15/2025 16:22
1187,TRX-28611108,206,11,Current,27909561,4018879,0,Fixed Deposit,6/12/2025,Nigeria,8/28/2025 1:49
1188,TRX-35776812,760,1,Current,2772062,3149908,1869092,Mutual Fund,3/21/2025,Nigeria,2/7/2026 23:59
1189,TRX-39451816,380,7,Domiciliary,34796811,833681,1936391,None,9/27/2025,Nigeria,10/20/2025 1:33
1190,TRX-75270059,682,18,Savings,19361459,2536219,1209468,Fixed Deposit,10/30/2025,Nigeria,8/8/2026 2:30
1191,TRX-68797104,457,12,Domiciliary,15112637,3229616,904431,Bonds,7/13/2026,United States,1/7/2026 16:45
1192,TRX-99994551,598,11,Savings,28472230,598294,0,Fixed Deposit,7/11/2025,United States,10/1/2025 6:45
1193,TRX-73966166,540,7,Savings,17475457,3566304,1950533,Treasury Bills,8/17/2025,Nigeria,12/6/2025 11:53
1194,TRX-96353506,217,9,Current,45697524,3422932,1369953,Treasury Bills,2/8/2026,Nigeria,6/9/2026 2:28
1195,TRX-47521674,645,4,Fixed Deposit,11691570,2171087,0,Fixed Deposit,4/25/2025,Nigeria,9/28/2025 2:48
1196,TRX-09204765,140,13,Domiciliary,14529654,1378572,0,Bonds,5/11/2025,Nigeria,9/1/2025 2:24
1197,TRX-93363989,210,16,Domiciliary,2459953,3628031,1317795,Treasury Bills,4/7/2025,United States,7/12/2026 10:06
1198,TRX-86081949,335,16,Current,45357366,1278681,1422687,Treasury Bills,6/19/2026,Nigeria,2/6/2026 5:45
1199,TRX-32905589,452,16,Current,21958918,3963896,0,None,12/3/2025,United States,2/12/2026 2:10
1200,TRX-66628779,280,18,Savings,16760882,858070,0,Bonds,5/20/2026,Nigeria,10/8/2025 14:37
1201,TRX-06429275,764,5,Savings,15110798,74691,0,Bonds,3/5/2026,United States,5/9/2026 21:04
1202,TRX-93212966,162,15,Fixed Deposit,39329525,3093895,343911,Mutual Fund,11/1/2025,Nigeria,3/18/2026 9:25
1203,TRX-06669049,147,18,Current,511876,358632,0,Fixed Deposit,1/16/2025,Nigeria,1/5/2026 11:35
1204,TRX-76579008,673,9,Domiciliary,44162899,1776024,954568,Fixed Deposit,10/14/2025,Nigeria,11/3/2025 9:38
1205,TRX-10346048,445,15,Savings,16826268,4065615,0,Mutual Fund,7/4/2025,Nigeria,9/16/2025 2:04
1206,TRX-05895380,124,5,Fixed Deposit,25525879,4511519,0,None,4/8/2026,Nigeria,1/29/2026 3:23
1207,TRX-22713709,440,16,Current,31981324,4320260,0,Bonds,1/30/2025,Ireland,1/24/2026 23:23
1208,TRX-37876474,463,2,Domiciliary,21866480,3060345,0,None,7/27/2026,Nigeria,5/13/2026 1:34
1209,TRX-31159648,88,18,Current,44479497,2337113,0,Fixed Deposit,3/10/2026,Nigeria,2/2/2026 23:15
1210,TRX-25938039,223,16,Fixed Deposit,30211212,4173756,1904144,Bonds,5/25/2025,Ireland,1/15/2026 20:46
1211,TRX-13885932,453,13,Fixed Deposit,46774831,690699,1937303,Mutual Fund,6/25/2025,Nigeria,4/14/2026 5:35
1212,TRX-56104098,370,12,Savings,45457071,1740722,0,Mutual Fund,4/9/2025,Nigeria,1/28/2026 21:17
1213,TRX-52485868,545,6,Domiciliary,59059,689356,0,Treasury Bills,10/21/2025,United States,10/4/2025 0:07
1214,TRX-21720929,215,18,Fixed Deposit,12453357,2129480,504218,Fixed Deposit,3/10/2025,Nigeria,5/22/2026 3:13
1215,TRX-28799843,60,6,Savings,20767648,799566,0,Bonds,3/29/2026,Nigeria,12/13/2025 2:46
1216,TRX-02902680,191,10,Savings,18327335,15133,1156404,Mutual Fund,6/16/2025,Nigeria,10/10/2025 5:23
1217,TRX-24343294,75,17,Fixed Deposit,13039762,1983298,0,Bonds,3/18/2025,Nigeria,9/13/2025 4:55
1218,TRX-11179634,325,5,Fixed Deposit,9608092,4975791,265147,Fixed Deposit,6/12/2026,Nigeria,4/19/2026 0:29
1219,TRX-69244863,798,17,Savings,22866492,3260148,454105,None,10/22/2025,Ireland,3/29/2026 9:17
1220,TRX-04491803,238,1,Current,25999029,1242814,913814,None,3/31/2025,Nigeria,8/9/2026 15:44
1221,TRX-27304202,267,10,Current,29526118,3581464,1342743,Bonds,2/13/2026,Nigeria,12/27/2025 22:34
1222,TRX-85852034,256,11,Domiciliary,29089575,4816623,1069908,Treasury Bills,7/31/2026,Nigeria,5/8/2026 9:30
1223,TRX-20799554,316,4,Domiciliary,13894432,2110361,0,None,9/6/2025,Ireland,12/23/2025 14:39
1224,TRX-93700827,582,13,Current,43619185,4225973,0,None,6/5/2026,Ireland,10/15/2025 20:02
1225,TRX-68947670,748,13,Current,45530534,3669984,0,None,6/26/2025,Ireland,9/2/2025 6:42
1226,TRX-54060606,525,13,Domiciliary,46115332,4855270,0,None,6/30/2026,Nigeria,10/1/2025 22:06
1227,TRX-28319765,471,5,Savings,40975905,989390,1373532,Mutual Fund,8/3/2025,United States,3/29/2026 20:39
1228,TRX-69245542,540,7,Domiciliary,45999739,2463920,344859,Mutual Fund,4/21/2026,United States,11/4/2025 4:51
1229,TRX-49330252,591,18,Savings,44065205,2904664,0,None,9/18/2025,Nigeria,5/4/2026 11:07
1230,TRX-58714485,35,6,Fixed Deposit,37263832,3369506,0,Fixed Deposit,10/27/2025,Nigeria,10/4/2025 14:18
1231,TRX-02982600,458,5,Domiciliary,38567046,4453292,109048,Treasury Bills,6/25/2026,Nigeria,3/17/2026 4:14
1232,TRX-21390762,273,4,Fixed Deposit,28181047,2298925,0,Mutual Fund,4/1/2026,Nigeria,8/21/2025 1:16
1233,TRX-73523842,37,16,Fixed Deposit,34711830,4003047,0,Treasury Bills,3/9/2026,Nigeria,9/29/2025 2:23
1234,TRX-55782116,45,1,Domiciliary,10947095,1151914,1594797,Bonds,1/22/2025,Nigeria,8/18/2025 2:43
1235,TRX-94581882,510,5,Savings,4564197,2950465,0,Mutual Fund,2/2/2025,Nigeria,1/12/2026 3:28
1236,TRX-32860567,211,15,Current,8852393,4374828,0,Bonds,8/11/2025,United States,8/16/2026 8:56
1237,TRX-86091157,397,12,Fixed Deposit,25020452,185873,0,Treasury Bills,1/2/2025,Nigeria,11/2/2025 12:08
1238,TRX-53408397,264,8,Fixed Deposit,34600023,4429388,0,Bonds,10/31/2025,Nigeria,7/28/2026 19:10
1239,TRX-17964972,655,17,Domiciliary,14998972,2478355,0,Mutual Fund,1/18/2026,United States,3/28/2026 22:27
1240,TRX-63396628,545,6,Fixed Deposit,37600556,3343933,81630,Mutual Fund,11/9/2025,Nigeria,1/15/2026 9:55
1241,TRX-58347712,12,15,Savings,5420210,2175301,0,Treasury Bills,3/10/2026,Ireland,2/8/2026 19:56
1242,TRX-67936472,677,17,Current,18623449,680632,0,None,4/19/2026,Nigeria,8/29/2025 2:49
1243,TRX-75999785,514,3,Domiciliary,12881732,2640634,288361,Bonds,4/28/2025,Nigeria,6/7/2026 19:47
1244,TRX-22767795,442,15,Domiciliary,39164595,4627495,0,Fixed Deposit,4/15/2026,United States,8/7/2026 4:06
1245,TRX-28618466,408,14,Savings,1950468,4271047,0,Treasury Bills,9/3/2025,Nigeria,11/10/2025 8:43
1246,TRX-43594647,3,5,Fixed Deposit,26023854,2668999,451405,Fixed Deposit,2/19/2025,United States,5/23/2026 20:27
1247,TRX-73658973,210,16,Savings,12829477,3294376,1456740,Treasury Bills,3/21/2025,Nigeria,12/7/2025 21:40
1248,TRX-99430736,421,14,Savings,44541445,2032582,0,Fixed Deposit,7/23/2026,United States,12/28/2025 1:34
1249,TRX-08180787,563,17,Domiciliary,2319172,3687233,1345920,None,3/31/2025,Nigeria,10/22/2025 23:21
1250,TRX-89911846,410,5,Domiciliary,5003880,234634,75216,Treasury Bills,7/5/2025,United States,3/18/2026 21:51
1251,TRX-54357517,283,10,Domiciliary,32668159,2882976,0,Bonds,7/26/2026,United States,8/20/2025 10:53
1252,TRX-16543740,776,1,Savings,49809169,2269696,0,Bonds,9/6/2025,United States,12/22/2025 22:57
1253,TRX-41329170,326,13,Domiciliary,20556553,1776621,316550,Mutual Fund,3/4/2025,Ireland,2/4/2026 18:07
1254,TRX-12457570,384,1,Fixed Deposit,31090279,1495791,0,None,4/13/2026,Nigeria,4/10/2026 23:24
1255,TRX-75156039,720,10,Savings,46520648,2461900,1422968,Bonds,6/6/2026,Nigeria,1/8/2026 11:39
1256,TRX-16661320,673,9,Current,5700604,2154970,0,Bonds,6/28/2026,Nigeria,5/2/2026 7:11
1257,TRX-78139669,52,10,Domiciliary,13629710,1738064,1150484,None,2/25/2026,United States,5/25/2026 13:44
1258,TRX-89875422,431,8,Savings,15797385,3965610,0,Fixed Deposit,9/14/2025,Nigeria,7/28/2026 8:21
1259,TRX-65779259,703,6,Domiciliary,37836228,1131387,1529979,Fixed Deposit,7/12/2026,Nigeria,11/18/2025 19:23
1260,TRX-64628977,297,9,Domiciliary,19133758,3237616,1185166,Fixed Deposit,1/13/2026,Nigeria,5/26/2026 19:41
1261,TRX-77324480,790,12,Fixed Deposit,4918268,1873074,0,Treasury Bills,4/12/2026,Nigeria,3/25/2026 19:37
1262,TRX-28360323,123,4,Savings,15220297,2877373,0,Bonds,9/20/2025,Nigeria,8/19/2025 23:07
1263,TRX-99887795,621,8,Current,46659043,796864,586909,Mutual Fund,4/6/2025,Nigeria,5/31/2026 17:28
1264,TRX-12234972,692,17,Domiciliary,24318127,4011681,0,Treasury Bills,5/8/2026,Ireland,2/18/2026 10:26
1265,TRX-93250046,747,3,Domiciliary,4357431,847223,0,Treasury Bills,8/7/2025,Ireland,10/16/2025 19:59
1266,TRX-44156810,750,4,Domiciliary,21569469,1359134,1580820,Mutual Fund,10/30/2025,United States,1/20/2026 15:41
1267,TRX-17912449,589,3,Domiciliary,11136679,1779527,0,Fixed Deposit,1/29/2026,Nigeria,2/12/2026 16:17
1268,TRX-25847555,354,15,Savings,63139,3579800,358274,Mutual Fund,5/25/2026,Nigeria,8/15/2026 13:31
1269,TRX-12669021,439,17,Domiciliary,47174169,937454,0,Fixed Deposit,6/10/2025,Ireland,1/17/2026 11:00
1270,TRX-95018731,1,12,Current,4536342,1082733,0,Mutual Fund,8/15/2025,Ireland,8/2/2026 4:20
1271,TRX-13005674,293,18,Savings,30870329,516996,1565497,None,7/8/2025,Nigeria,4/12/2026 1:30
1272,TRX-92250595,653,2,Current,31636087,3540298,0,Treasury Bills,3/23/2026,Ireland,1/30/2026 13:32
1273,TRX-78501604,666,6,Fixed Deposit,21597075,4479735,0,Treasury Bills,10/24/2025,Ireland,8/14/2026 14:45
1274,TRX-09119589,364,5,Current,1657322,1014588,218694,Mutual Fund,2/11/2026,Nigeria,12/4/2025 3:26
1275,TRX-91425348,520,18,Domiciliary,35347346,3253433,0,Treasury Bills,6/27/2025,Nigeria,9/24/2025 2:30
1276,TRX-20190555,374,6,Current,5253497,735854,0,Mutual Fund,3/11/2026,Ireland,12/3/2025 5:19
1277,TRX-27300668,599,14,Current,42832030,2209959,1630875,Mutual Fund,4/19/2026,Nigeria,5/15/2026 17:15
1278,TRX-27500651,514,3,Fixed Deposit,4866076,2057298,1415834,Fixed Deposit,6/14/2025,Nigeria,11/2/2025 14:21
1279,TRX-39427403,474,17,Current,12182833,1461645,0,None,3/17/2026,Nigeria,8/10/2026 5:59
1280,TRX-41708630,594,2,Fixed Deposit,29145087,1087241,0,Mutual Fund,10/2/2025,Nigeria,3/16/2026 1:33
1281,TRX-35317620,80,17,Savings,8562818,3694063,1607169,Treasury Bills,2/11/2026,Nigeria,9/19/2025 13:30
1282,TRX-18166575,451,7,Savings,39420624,4371008,0,Treasury Bills,6/26/2025,United States,7/8/2026 16:21
1283,TRX-03296937,60,6,Savings,5148329,3463212,1792821,None,7/7/2025,United States,7/26/2026 17:09
1284,TRX-17745049,107,12,Fixed Deposit,32534947,2463051,0,Treasury Bills,7/31/2026,Nigeria,2/18/2026 6:38
1285,TRX-91433180,600,13,Current,38050769,513375,784684,Bonds,6/11/2025,Nigeria,3/7/2026 21:09
1286,TRX-77286947,149,12,Domiciliary,49575142,1205681,39726,Treasury Bills,12/31/2025,Nigeria,6/30/2026 13:45
1287,TRX-15357789,602,14,Savings,14508156,1858965,1036655,Bonds,3/14/2025,Nigeria,1/20/2026 2:56
1288,TRX-65264948,441,6,Savings,32406628,3302746,0,Fixed Deposit,11/20/2025,Ireland,4/2/2026 12:13
1289,TRX-20356576,337,12,Current,17486575,1870302,188435,Bonds,1/6/2026,United States,2/16/2026 3:01
1290,TRX-04009769,709,16,Current,20143922,3530335,0,None,4/26/2026,Ireland,5/6/2026 12:15
1291,TRX-21982837,334,17,Fixed Deposit,35996494,2475551,0,None,6/13/2025,Nigeria,12/14/2025 5:57
1292,TRX-28949188,346,14,Domiciliary,41510039,3732505,0,Fixed Deposit,12/19/2025,Nigeria,8/2/2026 5:10
1293,TRX-82661406,237,16,Domiciliary,22469293,104374,1287647,Mutual Fund,6/30/2025,Nigeria,10/8/2025 2:53
1294,TRX-03724492,96,11,Domiciliary,25240557,705208,0,Fixed Deposit,3/3/2026,Ireland,11/27/2025 9:07
1295,TRX-08943506,184,15,Savings,15227839,73695,1281333,Treasury Bills,6/13/2025,Nigeria,3/1/2026 4:24
1296,TRX-38999749,190,10,Current,46629037,2884048,1480981,Treasury Bills,8/4/2025,Ireland,12/28/2025 7:28
1297,TRX-34146059,106,2,Domiciliary,33191267,2135329,435816,Mutual Fund,6/27/2025,Nigeria,5/21/2026 17:15
1298,TRX-95165498,444,8,Savings,26170622,189440,1902479,Fixed Deposit,10/22/2025,Nigeria,6/12/2026 6:27
1299,TRX-91072365,170,18,Savings,19021315,4918686,370988,Treasury Bills,9/18/2025,Ireland,4/16/2026 14:46
1300,TRX-24308345,625,9,Domiciliary,35069700,558801,0,Treasury Bills,5/31/2026,Ireland,9/28/2025 20:09
1301,TRX-17109417,12,15,Current,18492363,3823624,0,Fixed Deposit,7/21/2025,United States,1/31/2026 18:44
1302,TRX-82745926,562,1,Domiciliary,148041,4262258,158223,Mutual Fund,3/3/2025,Nigeria,4/6/2026 8:24
1303,TRX-51276282,339,7,Savings,42760082,4345185,0,Treasury Bills,9/10/2025,Nigeria,1/20/2026 7:44
1304,TRX-22300188,36,8,Fixed Deposit,42590918,3362033,883056,Treasury Bills,3/28/2025,United States,4/8/2026 5:45
1305,TRX-21340822,736,15,Savings,27467506,1290800,779956,Bonds,5/16/2025,Nigeria,3/7/2026 6:12
1306,TRX-73267006,33,9,Savings,22770987,1035495,0,Fixed Deposit,1/2/2026,Nigeria,5/21/2026 21:59
1307,TRX-77197248,347,1,Domiciliary,8920467,2198222,0,Mutual Fund,3/25/2026,Nigeria,12/5/2025 9:43
1308,TRX-54869842,549,5,Savings,24589788,2846835,865330,None,9/22/2025,Ireland,10/4/2025 11:27
1309,TRX-68527936,372,13,Domiciliary,5304386,703425,1584156,Mutual Fund,1/26/2026,United States,7/13/2026 20:18
1310,TRX-12411241,339,7,Fixed Deposit,9554907,1812547,1909952,Treasury Bills,7/7/2025,Ireland,7/30/2026 0:31
1311,TRX-81098062,236,18,Savings,30693573,4166835,0,Treasury Bills,11/2/2025,Nigeria,11/15/2025 4:39
1312,TRX-51177556,570,1,Domiciliary,32714829,3746927,916664,Fixed Deposit,7/4/2026,Nigeria,10/4/2025 12:16
1313,TRX-99762254,501,16,Domiciliary,2363984,444836,473251,Bonds,2/25/2025,Nigeria,1/15/2026 23:02
1314,TRX-20436785,98,3,Savings,2151007,2069877,0,Treasury Bills,4/14/2026,Nigeria,2/4/2026 20:52
1315,TRX-68768292,362,6,Savings,587004,2107213,358162,Fixed Deposit,7/21/2026,Nigeria,12/14/2025 11:30
1316,TRX-67654183,111,14,Fixed Deposit,26762996,4203476,0,Treasury Bills,8/3/2025,Nigeria,1/25/2026 17:09
1317,TRX-74865176,390,6,Domiciliary,12958450,1656054,0,Treasury Bills,3/28/2026,Nigeria,5/2/2026 3:52
1318,TRX-11327180,18,4,Fixed Deposit,15261156,2530014,421022,Mutual Fund,3/23/2026,United States,9/23/2025 19:07
1319,TRX-30979174,396,16,Fixed Deposit,35803828,857412,0,Mutual Fund,7/13/2026,Nigeria,10/25/2025 18:08
1320,TRX-31407017,442,15,Fixed Deposit,48582626,2823311,0,None,5/27/2026,Nigeria,4/7/2026 15:36
1321,TRX-05701853,559,10,Fixed Deposit,30017119,1647935,195526,Fixed Deposit,10/10/2025,United States,7/3/2026 20:53
1322,TRX-51832182,82,15,Savings,22243180,3549451,0,Fixed Deposit,1/27/2026,Nigeria,11/26/2025 19:00
1323,TRX-54755753,121,18,Savings,12559743,56023,0,Treasury Bills,2/22/2026,United States,2/22/2026 0:14
1324,TRX-74440655,111,14,Savings,44345224,1178060,1523410,Bonds,9/9/2025,Nigeria,11/7/2025 13:53
1325,TRX-90476130,784,14,Current,5512252,971261,1412705,None,5/14/2025,Nigeria,8/22/2025 0:37
1326,TRX-35112072,480,11,Fixed Deposit,48668129,3683285,0,Bonds,12/14/2025,United States,6/14/2026 9:00
1327,TRX-19173798,74,3,Domiciliary,39508828,746934,0,Bonds,7/13/2025,Nigeria,10/5/2025 1:01
1328,TRX-74514619,313,8,Domiciliary,29196041,3808015,0,Treasury Bills,9/10/2025,Nigeria,11/9/2025 3:48
1329,TRX-86026833,636,14,Domiciliary,14170600,3006955,671124,Bonds,8/4/2025,Nigeria,4/24/2026 17:58
1330,TRX-51737049,136,17,Current,15273251,3476806,0,None,2/14/2026,Ireland,11/1/2025 17:54
1331,TRX-02637910,103,15,Current,39984916,2770652,0,Bonds,4/24/2026,United States,3/10/2026 17:09
1332,TRX-00452603,164,16,Savings,8084969,1656462,0,Fixed Deposit,1/5/2025,Nigeria,10/9/2025 2:10
1333,TRX-02545011,690,11,Current,38744351,1830038,959913,Treasury Bills,6/13/2025,United States,4/9/2026 23:42
1334,TRX-24171421,160,12,Current,28989940,4648191,1780408,Mutual Fund,10/7/2025,Nigeria,1/27/2026 21:17
1335,TRX-97543684,720,10,Current,24446517,4161509,0,Bonds,9/1/2025,Nigeria,4/13/2026 7:09
1336,TRX-73702075,73,10,Fixed Deposit,33745726,1441929,0,Fixed Deposit,4/15/2025,Nigeria,2/7/2026 17:33
1337,TRX-86394392,476,9,Savings,37563971,1717373,0,Treasury Bills,9/29/2025,Nigeria,1/1/2026 8:22
1338,TRX-62267646,441,6,Fixed Deposit,30484362,1665306,0,Treasury Bills,6/24/2026,Nigeria,7/31/2026 5:02
1339,TRX-45473897,159,4,Current,14996537,875738,0,Fixed Deposit,9/25/2025,Nigeria,12/21/2025 23:55
1340,TRX-41170463,530,10,Domiciliary,46141261,4307951,0,Mutual Fund,10/24/2025,Nigeria,8/11/2026 16:33
1341,TRX-50952887,7,8,Current,25612550,1163516,0,Bonds,1/24/2026,Nigeria,10/18/2025 4:25
1342,TRX-35003153,136,17,Fixed Deposit,27380085,2537623,0,None,4/26/2025,United States,4/8/2026 15:30
1343,TRX-19457686,301,17,Current,19890578,45865,0,Bonds,8/13/2025,Nigeria,12/24/2025 7:10
1344,TRX-14160133,108,12,Current,7675261,2742086,0,Fixed Deposit,8/2/2025,Nigeria,4/26/2026 12:29
1345,TRX-55115554,39,14,Current,42310616,2073220,0,Treasury Bills,6/8/2026,Nigeria,11/8/2025 19:54
1346,TRX-25367694,270,7,Fixed Deposit,44437387,1414898,1956424,Mutual Fund,9/18/2025,United States,2/22/2026 14:55
1347,TRX-90000734,362,6,Savings,33459921,3203987,344026,None,5/4/2025,Nigeria,12/7/2025 19:24
1348,TRX-41891603,68,17,Domiciliary,37424120,1548322,0,None,10/30/2025,Nigeria,6/18/2026 6:06
1349,TRX-68382801,614,7,Savings,21861451,3895224,347837,Fixed Deposit,11/16/2025,Nigeria,11/12/2025 9:05
1350,TRX-03351266,680,1,Current,45862617,3694660,696259,Treasury Bills,2/11/2025,Nigeria,12/27/2025 2:58
1351,TRX-68480285,399,3,Domiciliary,31304888,2462052,982247,Treasury Bills,5/19/2025,United States,12/16/2025 15:43
1352,TRX-98949877,496,4,Current,306228,1827166,0,Bonds,12/5/2025,Nigeria,12/11/2025 8:55
1353,TRX-45901705,669,5,Domiciliary,47162715,3840874,400668,Fixed Deposit,3/17/2025,United States,3/7/2026 6:18
1354,TRX-22485003,379,6,Fixed Deposit,47846946,2014548,58039,Bonds,10/27/2025,Nigeria,1/22/2026 13:19
1355,TRX-92907306,400,2,Savings,48546405,2788543,0,Mutual Fund,5/22/2025,United States,5/22/2026 10:22
1356,TRX-40418217,609,18,Savings,33902716,3184327,327707,Mutual Fund,1/16/2025,Nigeria,7/19/2026 23:00
1357,TRX-91240450,536,5,Savings,27542414,2229396,765080,Fixed Deposit,1/15/2025,Nigeria,3/6/2026 6:20
1358,TRX-29507266,616,11,Current,27677860,1943044,150179,Treasury Bills,6/26/2025,Nigeria,11/8/2025 10:09
1359,TRX-45771240,8,1,Current,43943831,3253881,0,Fixed Deposit,4/5/2025,Nigeria,10/2/2025 16:41
1360,TRX-93652027,158,13,Fixed Deposit,18694434,2655412,0,Bonds,3/25/2025,Nigeria,8/9/2026 3:55
1361,TRX-20032052,753,16,Savings,37847780,825799,1770876,Fixed Deposit,8/1/2025,Nigeria,7/29/2026 14:36
1362,TRX-76923356,580,4,Domiciliary,26801011,834137,464353,None,4/19/2025,Nigeria,6/18/2026 13:18
1363,TRX-35163628,325,5,Current,43324061,4287550,1551154,Mutual Fund,6/17/2026,United States,7/6/2026 22:51
1364,TRX-88223749,499,3,Domiciliary,15510449,599276,187326,Bonds,1/22/2025,Nigeria,10/10/2025 5:51
1365,TRX-05519738,278,16,Savings,42159765,175308,362144,Mutual Fund,7/14/2025,Nigeria,1/8/2026 3:18
1366,TRX-17771764,265,12,Current,20285785,1791092,0,Mutual Fund,2/16/2026,United States,12/14/2025 19:17
1367,TRX-90152287,717,2,Fixed Deposit,24947384,1608341,1050557,Fixed Deposit,5/5/2026,Nigeria,5/22/2026 5:08
1368,TRX-52177691,145,8,Domiciliary,32319266,3315619,1393090,Fixed Deposit,6/26/2026,Nigeria,8/6/2026 12:39
1369,TRX-40824908,218,1,Domiciliary,24333401,3613247,0,Treasury Bills,4/8/2026,Nigeria,12/23/2025 1:09
1370,TRX-00410227,518,10,Domiciliary,44409587,3388461,0,Bonds,10/29/2025,Nigeria,1/19/2026 2:52
1371,TRX-87228476,325,5,Domiciliary,23034368,471483,0,Treasury Bills,10/15/2025,Nigeria,4/27/2026 8:18
1372,TRX-56225424,532,12,Current,39955981,2070846,1678732,Mutual Fund,7/4/2026,Nigeria,5/15/2026 0:16
1373,TRX-24167906,261,4,Current,49376272,676988,0,None,2/10/2026,Nigeria,2/8/2026 4:03
1374,TRX-54712897,512,16,Domiciliary,29137469,4388773,1540762,Fixed Deposit,8/6/2025,Nigeria,7/3/2026 22:52
1375,TRX-98604106,520,18,Savings,5599719,797046,1544781,Bonds,4/1/2026,Nigeria,3/1/2026 17:26
1376,TRX-62829115,595,7,Current,41199301,3283323,666017,Bonds,9/16/2025,Nigeria,12/28/2025 13:50
1377,TRX-37138710,111,14,Domiciliary,33717395,4540778,1425876,Bonds,1/29/2026,Nigeria,1/24/2026 12:40
1378,TRX-76400453,414,9,Domiciliary,39934894,2470808,1881573,Fixed Deposit,2/14/2026,Nigeria,11/25/2025 9:11
1379,TRX-23218455,666,6,Savings,30106589,4251632,828862,None,4/5/2026,Nigeria,11/15/2025 0:29
1380,TRX-98382556,650,2,Current,21617995,4763568,0,Bonds,1/5/2026,Nigeria,10/11/2025 17:07
1381,TRX-44975756,130,7,Savings,39180324,2290404,1626636,None,3/19/2025,Ireland,10/7/2025 2:42
1382,TRX-62286145,264,8,Fixed Deposit,34910924,1536934,0,Mutual Fund,2/19/2025,Nigeria,2/20/2026 13:13
1383,TRX-55595644,142,3,Fixed Deposit,25828804,3107641,1430058,Treasury Bills,3/8/2026,Nigeria,2/25/2026 23:11
1384,TRX-31657810,756,5,Current,29824539,3384134,1526543,Fixed Deposit,10/1/2025,Nigeria,4/1/2026 17:19
1385,TRX-36200370,546,16,Current,34689531,3447631,0,Bonds,10/6/2025,Nigeria,7/9/2026 3:05
1386,TRX-61800712,770,9,Savings,17829972,4188310,1316108,Mutual Fund,4/8/2026,Nigeria,4/8/2026 0:40
1387,TRX-37161789,321,15,Domiciliary,12808775,91327,0,None,5/28/2026,Nigeria,11/10/2025 5:29
1388,TRX-14448432,225,4,Fixed Deposit,20913093,620840,1682717,Mutual Fund,4/20/2026,Nigeria,10/31/2025 9:08
1389,TRX-95531004,140,13,Current,9866716,969035,0,None,5/9/2025,Nigeria,9/8/2025 13:16
1390,TRX-33276677,696,5,Current,39213923,1023506,0,Fixed Deposit,5/10/2026,Nigeria,12/9/2025 17:03
1391,TRX-74026754,241,8,Current,16705981,2297017,0,Fixed Deposit,8/21/2025,Nigeria,5/17/2026 11:22
1392,TRX-66428694,369,5,Current,18571118,988311,0,Mutual Fund,1/4/2026,Ireland,4/30/2026 20:04
1393,TRX-65829673,393,10,Fixed Deposit,30285345,3004062,0,Treasury Bills,5/20/2026,United States,8/5/2026 20:22
1394,TRX-90144655,505,2,Domiciliary,12896348,4582954,1890943,Mutual Fund,4/28/2025,United States,3/31/2026 21:42
1395,TRX-40939007,321,15,Fixed Deposit,47428071,628018,0,None,5/19/2025,United States,5/14/2026 22:06
1396,TRX-60432696,615,15,Domiciliary,2384859,456967,0,Bonds,3/12/2025,Nigeria,2/2/2026 9:56
1397,TRX-91482721,495,8,Fixed Deposit,42176112,2018589,0,None,4/22/2025,United States,12/5/2025 14:21
1398,TRX-49570905,652,13,Fixed Deposit,1467686,4580516,0,Treasury Bills,7/9/2026,Ireland,4/19/2026 7:33
1399,TRX-82920124,493,13,Fixed Deposit,2189196,3890522,1189175,None,1/30/2025,Nigeria,8/17/2025 16:35
1400,TRX-01970724,424,18,Fixed Deposit,27662498,900914,1371902,Treasury Bills,1/13/2026,Nigeria,1/1/2026 4:41
1401,TRX-49038143,740,15,Fixed Deposit,2990791,3082709,1257829,None,11/6/2025,Nigeria,9/25/2025 3:58
1402,TRX-26070265,198,16,Savings,12301713,2731017,0,Fixed Deposit,4/4/2026,Nigeria,10/14/2025 3:14
1403,TRX-42427944,515,12,Current,5406691,2109420,1017789,Bonds,10/21/2025,Nigeria,2/21/2026 17:23
1404,TRX-63475863,61,6,Domiciliary,15402966,4717603,1843199,Bonds,8/3/2025,Nigeria,11/29/2025 10:51
1405,TRX-30392348,312,13,Current,30342561,1402566,319322,Treasury Bills,5/20/2026,Nigeria,4/10/2026 21:05
1406,TRX-80556088,426,1,Fixed Deposit,15848064,3508428,0,None,4/21/2025,Nigeria,3/16/2026 17:02
1407,TRX-05065819,31,8,Savings,34277016,3002373,412870,Mutual Fund,7/5/2026,Nigeria,3/10/2026 20:32
1408,TRX-31220811,550,10,Current,28264206,2606685,0,Treasury Bills,1/28/2026,Nigeria,2/25/2026 18:33
1409,TRX-75641701,718,5,Domiciliary,31678068,4874582,738158,Mutual Fund,11/5/2025,United States,12/31/2025 10:40
1410,TRX-03768406,172,4,Domiciliary,26274919,1347842,911978,Bonds,4/2/2026,Nigeria,12/17/2025 19:48
1411,TRX-45850700,134,9,Current,12379594,3537917,433572,Mutual Fund,11/21/2025,Nigeria,1/25/2026 22:40
1412,TRX-70605812,1,12,Fixed Deposit,8076573,1741417,93987,Mutual Fund,1/2/2025,Nigeria,7/25/2026 2:25
1413,TRX-11951542,71,12,Current,19770370,1522507,0,None,2/24/2025,Nigeria,10/14/2025 15:15
1414,TRX-05750599,155,6,Savings,7259458,1172743,0,Fixed Deposit,9/7/2025,Nigeria,3/3/2026 6:11
1415,TRX-30000343,618,16,Domiciliary,34646390,3945838,0,Mutual Fund,1/12/2025,Nigeria,4/13/2026 18:32
1416,TRX-95053275,600,13,Domiciliary,30393568,301335,1026949,Fixed Deposit,1/26/2026,Nigeria,11/25/2025 3:07
1417,TRX-59440346,756,5,Fixed Deposit,39715882,3979380,1449563,Mutual Fund,6/6/2026,Nigeria,5/28/2026 11:21
1418,TRX-79939920,532,12,Current,26564859,4319506,0,Treasury Bills,9/3/2025,United States,2/15/2026 20:52
1419,TRX-01678251,496,4,Savings,11146059,35991,203556,Fixed Deposit,4/12/2025,Ireland,11/27/2025 1:13
1420,TRX-27561619,269,4,Domiciliary,43575132,3320715,0,None,2/9/2025,Nigeria,5/11/2026 21:55
1421,TRX-78862901,580,4,Current,11552384,2253749,0,Treasury Bills,5/22/2026,Nigeria,2/20/2026 13:07
1422,TRX-87754350,409,12,Fixed Deposit,37041780,3795596,0,None,6/24/2025,Nigeria,10/9/2025 17:52
1423,TRX-85119307,719,9,Savings,37816622,3751175,1134,Mutual Fund,4/6/2026,United States,3/6/2026 0:10
1424,TRX-91724306,643,4,Savings,21669482,1624607,1421209,Mutual Fund,3/6/2026,Nigeria,4/1/2026 3:21
1425,TRX-29008247,5,16,Savings,22163922,4810899,1325843,None,12/27/2025,Nigeria,12/1/2025 8:12
1426,TRX-90049674,435,10,Savings,32701600,3242725,980848,Bonds,6/15/2025,Ireland,8/18/2025 4:50
1427,TRX-51932128,211,15,Savings,32838730,4312831,1806148,Treasury Bills,4/5/2026,Nigeria,11/16/2025 8:21
1428,TRX-57903515,645,4,Savings,23458242,1965616,53535,None,6/24/2025,Nigeria,12/19/2025 22:15
1429,TRX-35320673,373,10,Savings,40469897,1854261,0,Treasury Bills,9/17/2025,Nigeria,2/18/2026 22:21
1430,TRX-36081520,530,10,Savings,17058256,1304444,0,Bonds,12/6/2025,Ireland,1/30/2026 14:54
1431,TRX-08600736,15,3,Domiciliary,17055473,267064,0,Treasury Bills,9/20/2025,Nigeria,7/12/2026 22:03
1432,TRX-96485964,143,10,Fixed Deposit,22904280,3092000,1504598,None,8/27/2025,Nigeria,12/23/2025 5:50
1433,TRX-09063589,566,2,Savings,20801956,2733533,0,None,6/7/2026,Nigeria,1/24/2026 20:54
1434,TRX-18593407,50,1,Fixed Deposit,17721784,95724,0,Fixed Deposit,7/12/2025,Nigeria,5/19/2026 17:53
1435,TRX-07971737,256,11,Domiciliary,4228967,1512331,0,Bonds,4/24/2026,Nigeria,7/4/2026 12:17
1436,TRX-72289470,747,3,Fixed Deposit,12742333,4818633,1874718,Mutual Fund,11/13/2025,Nigeria,4/28/2026 10:18
1437,TRX-58108874,653,2,Domiciliary,17550926,2290748,531735,Fixed Deposit,6/5/2025,United States,12/31/2025 22:39
1438,TRX-57644046,617,18,Domiciliary,2548015,4391499,1289714,Bonds,4/25/2026,Nigeria,8/7/2026 1:28
1439,TRX-90228782,443,14,Fixed Deposit,43395768,112828,0,Fixed Deposit,9/16/2025,Nigeria,8/22/2025 18:41
1440,TRX-41331386,580,4,Current,20828365,1746957,1613250,None,3/5/2026,Ireland,4/8/2026 19:36
1441,TRX-11762595,417,4,Domiciliary,19695714,281157,513652,Treasury Bills,6/25/2026,Nigeria,9/1/2025 7:26
1442,TRX-92683488,657,15,Savings,31569201,2222864,0,None,5/25/2026,Nigeria,1/22/2026 7:50
1443,TRX-31952021,587,2,Savings,20958567,3024400,0,Mutual Fund,11/24/2025,Nigeria,3/24/2026 8:24
1444,TRX-59385445,662,6,Domiciliary,24763926,347345,1489454,Mutual Fund,9/3/2025,Nigeria,8/31/2025 3:51
1445,TRX-80572454,400,2,Domiciliary,10330085,581983,0,Mutual Fund,6/26/2026,Nigeria,7/4/2026 3:03
1446,TRX-45595157,673,9,Domiciliary,1255949,3634553,0,Bonds,5/17/2026,Ireland,12/12/2025 10:17
1447,TRX-53601209,268,18,Domiciliary,23830925,2865500,981273,Mutual Fund,10/17/2025,Nigeria,6/14/2026 10:47
1448,TRX-72068685,345,13,Fixed Deposit,3401702,2585011,0,Mutual Fund,7/10/2025,Nigeria,7/8/2026 0:09
1449,TRX-96543687,603,8,Fixed Deposit,5717910,1546610,1771488,Treasury Bills,2/14/2025,Ireland,10/1/2025 14:58
1450,TRX-86134979,370,12,Domiciliary,16525677,3295848,1897623,Bonds,1/7/2026,Nigeria,2/6/2026 0:52
1451,TRX-70801642,132,5,Current,12547737,1869626,0,None,5/31/2025,Nigeria,9/18/2025 2:17
1452,TRX-26411358,706,2,Savings,25470849,2575887,0,None,5/8/2025,Nigeria,12/27/2025 15:05
1453,TRX-31294906,303,18,Fixed Deposit,10349346,2789383,1083039,None,8/22/2025,Nigeria,7/19/2026 9:05
1454,TRX-30756914,120,1,Current,22275040,2215636,0,Mutual Fund,4/24/2026,United States,1/6/2026 7:25
1455,TRX-65891312,382,8,Fixed Deposit,27117392,1680684,0,Bonds,2/6/2026,Nigeria,10/19/2025 10:30
1456,TRX-82844246,566,2,Current,38541883,1852509,1995142,Treasury Bills,9/3/2025,Nigeria,12/14/2025 6:13
1457,TRX-81618585,725,13,Fixed Deposit,15416524,1489658,69063,Fixed Deposit,10/24/2025,Nigeria,3/28/2026 4:21
1458,TRX-11803743,698,9,Current,13086681,4904826,1009532,None,12/28/2025,United States,8/22/2025 7:52
1459,TRX-45046113,513,8,Fixed Deposit,22380121,1757124,347874,Treasury Bills,6/27/2025,Nigeria,3/29/2026 11:46
1460,TRX-97600295,339,7,Domiciliary,32003088,4563506,0,Treasury Bills,8/16/2025,United States,6/6/2026 1:38
1461,TRX-77980046,228,1,Savings,38429476,3710616,0,Bonds,9/25/2025,Nigeria,10/5/2025 4:46
1462,TRX-24866715,671,9,Savings,46192468,2067073,0,Fixed Deposit,7/13/2026,Nigeria,12/11/2025 23:02
1463,TRX-45564851,184,15,Fixed Deposit,9986822,1616147,23953,None,3/14/2025,Nigeria,10/7/2025 3:54
1464,TRX-65929376,790,12,Domiciliary,4636996,4051262,282259,None,3/7/2026,Ireland,8/20/2025 12:21
1465,TRX-48217966,530,10,Savings,47539231,426323,0,None,10/31/2025,Nigeria,8/15/2026 14:35
1466,TRX-00763138,134,9,Domiciliary,34848138,3757304,231953,Treasury Bills,7/8/2026,Nigeria,7/8/2026 21:11
1467,TRX-72379223,517,6,Savings,12211316,3395011,0,None,9/28/2025,United States,7/18/2026 17:19
1468,TRX-46826592,130,7,Domiciliary,7133815,340197,0,Mutual Fund,10/17/2025,United States,8/18/2025 20:51
1469,TRX-18837592,206,11,Current,36548635,4404356,228862,Fixed Deposit,8/31/2025,Nigeria,9/4/2025 9:48
1470,TRX-59328373,337,12,Fixed Deposit,15349347,4354150,0,Fixed Deposit,6/26/2025,Ireland,9/14/2025 4:02
1471,TRX-49313331,444,8,Domiciliary,24963778,3883402,0,Treasury Bills,2/17/2025,Nigeria,12/31/2025 2:27
1472,TRX-51727466,591,18,Fixed Deposit,13376216,2779991,0,Bonds,4/11/2025,Nigeria,1/4/2026 11:46
1473,TRX-61328030,362,6,Savings,32246586,562470,465843,Fixed Deposit,4/22/2026,Ireland,10/10/2025 10:14
1474,TRX-94075894,623,6,Fixed Deposit,41551848,4610840,0,None,6/11/2026,Nigeria,8/29/2025 8:27
1475,TRX-18123664,592,9,Savings,38403173,1587606,1161105,Bonds,2/27/2025,Nigeria,9/8/2025 21:06
1476,TRX-82805589,360,14,Domiciliary,15414346,4795748,714093,Mutual Fund,5/2/2025,United States,9/25/2025 17:26
1477,TRX-60364992,150,3,Domiciliary,28831701,4159561,346468,None,5/21/2026,Nigeria,12/18/2025 19:08
1478,TRX-20599038,780,11,Fixed Deposit,26182121,1464556,0,Bonds,2/7/2026,Nigeria,12/25/2025 12:00
1479,TRX-39039330,429,1,Fixed Deposit,48339865,1510907,971686,Treasury Bills,8/11/2025,Nigeria,1/29/2026 12:28
1480,TRX-65022633,240,8,Fixed Deposit,18359131,3228854,804785,Bonds,4/30/2026,Nigeria,1/7/2026 11:04
1481,TRX-34379436,476,9,Domiciliary,29100910,381758,0,Treasury Bills,7/18/2026,United States,4/5/2026 23:45
1482,TRX-17580846,743,16,Current,96943,3322525,0,Fixed Deposit,1/30/2025,Nigeria,2/19/2026 11:39
1483,TRX-35088689,322,17,Current,25352842,1544072,0,Fixed Deposit,10/12/2025,United States,2/15/2026 15:34
1484,TRX-25430017,498,9,Fixed Deposit,38940634,1869174,702563,Bonds,5/4/2025,Nigeria,1/12/2026 23:20
1485,TRX-38919564,460,12,Fixed Deposit,20301467,2154374,0,Fixed Deposit,11/28/2025,Ireland,12/2/2025 10:43
1486,TRX-32363430,690,11,Current,30148754,2535625,860158,Fixed Deposit,5/23/2026,United States,11/27/2025 13:01
1487,TRX-65848463,709,16,Current,30054274,1902495,0,Fixed Deposit,5/13/2026,Ireland,11/2/2025 7:20
1488,TRX-06318166,561,13,Domiciliary,36840912,3202974,0,None,3/2/2025,United States,1/3/2026 11:42
1489,TRX-48630316,707,9,Fixed Deposit,16396592,4905527,269149,Treasury Bills,3/15/2025,Nigeria,7/2/2026 10:36
1490,TRX-55462306,302,16,Current,45675382,3568796,1574119,None,12/14/2025,Nigeria,5/3/2026 14:54
1491,TRX-27032775,610,13,Current,46200667,2318377,0,Treasury Bills,5/11/2025,Nigeria,2/23/2026 3:51
1492,TRX-89305197,132,5,Savings,46276149,3108241,0,Mutual Fund,7/2/2026,Nigeria,10/7/2025 12:47
1493,TRX-52774347,670,18,Savings,12779477,3008665,0,None,3/13/2026,United States,3/28/2026 19:29
1494,TRX-12178829,474,17,Current,2277966,2884319,0,Mutual Fund,9/1/2025,Nigeria,11/29/2025 2:57
1495,TRX-79118720,688,8,Current,2200541,4492586,321381,Fixed Deposit,6/12/2025,Nigeria,1/23/2026 21:43
1496,TRX-46955595,574,5,Domiciliary,48055964,294748,0,None,5/20/2026,Nigeria,3/27/2026 5:05
1497,TRX-23002170,727,15,Current,12386557,134149,1302948,Mutual Fund,3/8/2025,Ireland,3/24/2026 22:47
1498,TRX-47402577,136,17,Current,20779855,4804012,0,Fixed Deposit,4/6/2025,United States,8/20/2025 4:16
1499,TRX-66615238,460,12,Fixed Deposit,91646,2642963,0,Bonds,6/20/2026,Ireland,12/21/2025 21:37
1500,TRX-68454051,103,15,Fixed Deposit,18224206,2171956,0,Fixed Deposit,7/9/2025,Nigeria,9/22/2025 10:46
1501,TRX-65029622,633,8,Domiciliary,19646264,3088095,1859893,None,5/21/2026,United States,11/3/2025 9:43
1502,TRX-66219863,505,2,Fixed Deposit,48687915,3240305,0,None,6/25/2025,United States,6/24/2026 21:39
1503,TRX-99492410,196,5,Savings,15541077,3629427,1442771,Fixed Deposit,7/6/2025,United States,1/13/2026 11:18
1504,TRX-28673921,286,15,Domiciliary,16734865,2374901,238796,Bonds,8/14/2025,Nigeria,9/8/2025 21:24
1505,TRX-23909740,175,7,Domiciliary,11883943,3983021,1321124,Bonds,10/10/2025,Nigeria,2/1/2026 11:02
1506,TRX-76470490,387,5,Fixed Deposit,32991480,4257009,1909292,None,2/23/2025,United States,3/27/2026 20:54
1507,TRX-49001596,274,4,Savings,26691757,705014,0,Treasury Bills,7/25/2026,Nigeria,3/9/2026 14:24
1508,TRX-65293813,337,12,Domiciliary,17218558,2938855,31275,None,8/6/2025,Nigeria,9/21/2025 11:59
1509,TRX-42680030,718,5,Savings,46649722,4027686,0,None,11/5/2025,Nigeria,11/7/2025 23:17
1510,TRX-81921084,290,14,Fixed Deposit,16532732,2937234,1118238,Mutual Fund,3/3/2025,United States,12/18/2025 11:01
1511,TRX-88940171,117,13,Current,21191081,1429179,1584426,Treasury Bills,6/13/2025,Nigeria,8/13/2026 23:17
1512,TRX-16287765,558,13,Fixed Deposit,15379503,3374165,0,Treasury Bills,1/27/2026,Nigeria,3/13/2026 3:43
1513,TRX-15457710,31,8,Savings,41850770,3308926,0,Treasury Bills,12/30/2025,Nigeria,12/19/2025 22:05
1514,TRX-28091924,464,17,Savings,48191524,900111,0,Fixed Deposit,11/7/2025,Nigeria,3/22/2026 3:57
1515,TRX-70726763,354,15,Fixed Deposit,46397505,2488271,1336892,Bonds,6/7/2026,Nigeria,3/25/2026 2:36
1516,TRX-26544589,683,16,Current,46956376,1988518,359017,Fixed Deposit,4/28/2026,Nigeria,8/2/2026 10:48
1517,TRX-24930603,460,12,Fixed Deposit,38703137,543699,379032,Bonds,11/30/2025,Nigeria,3/25/2026 14:55
1518,TRX-37337777,52,10,Domiciliary,20994856,82010,592278,Bonds,2/13/2025,Nigeria,3/11/2026 15:29
1519,TRX-43474633,544,9,Current,17374640,1921520,1419568,None,12/6/2025,United States,2/23/2026 16:24
1520,TRX-72096200,405,11,Savings,29438986,3088855,1931904,Mutual Fund,7/7/2026,Nigeria,7/30/2026 9:18
1521,TRX-27101017,554,1,Fixed Deposit,39644398,1179024,272768,Treasury Bills,7/18/2026,Ireland,7/23/2026 18:43
1522,TRX-52796697,149,12,Current,14436453,3162454,931593,Bonds,4/20/2026,Nigeria,9/14/2025 23:29
1523,TRX-43281917,685,17,Savings,23805162,319309,953207,Treasury Bills,5/21/2026,Ireland,8/9/2026 17:47
1524,TRX-00510345,154,14,Current,37687393,4047326,1981827,Mutual Fund,1/1/2025,Nigeria,7/3/2026 5:11
1525,TRX-99815349,746,13,Current,18963851,2748887,0,Treasury Bills,6/24/2026,Nigeria,5/27/2026 2:48
1526,TRX-06079938,124,5,Fixed Deposit,29296073,4580543,0,Mutual Fund,3/2/2025,Nigeria,7/19/2026 23:38
1527,TRX-21557123,93,2,Fixed Deposit,26825400,1500435,1236742,None,10/31/2025,Ireland,1/30/2026 3:43
1528,TRX-29712083,521,11,Current,18306949,2736346,1242659,Fixed Deposit,11/2/2025,Nigeria,11/7/2025 9:39
1529,TRX-91779028,554,1,Savings,16459425,1119242,0,Treasury Bills,12/16/2025,Nigeria,11/21/2025 22:43
1530,TRX-53484142,760,1,Domiciliary,3440726,2611964,0,Fixed Deposit,7/5/2025,Nigeria,7/8/2026 5:45
1531,TRX-78734806,398,17,Savings,39659553,4962830,1286726,Fixed Deposit,5/31/2025,Nigeria,6/1/2026 20:10
1532,TRX-04563094,387,5,Current,9365236,4758083,0,None,2/27/2025,Nigeria,1/31/2026 7:56
1533,TRX-94103800,672,7,Domiciliary,22107359,1969934,547005,Mutual Fund,7/1/2025,Nigeria,4/28/2026 15:22
1534,TRX-58186256,670,18,Savings,3351094,2702419,51980,Bonds,7/11/2025,United States,4/15/2026 22:04
1535,TRX-31168158,597,9,Domiciliary,17723645,547048,0,Bonds,6/23/2025,Ireland,6/10/2026 12:31
1536,TRX-25039837,42,18,Domiciliary,22510136,435826,1541892,Treasury Bills,3/21/2025,United States,1/31/2026 21:57
1537,TRX-62718782,120,1,Domiciliary,9694215,205461,0,None,7/7/2026,Nigeria,2/6/2026 18:26
1538,TRX-23651827,571,2,Savings,42116606,2244140,543312,None,5/31/2026,United States,3/21/2026 5:04
1539,TRX-31674761,533,1,Current,31983635,1634359,964011,None,6/4/2026,Nigeria,7/4/2026 13:44
1540,TRX-17231163,775,4,Domiciliary,11664011,4135904,669722,Treasury Bills,3/24/2026,United States,9/1/2025 11:24
1541,TRX-22310147,179,5,Fixed Deposit,34049934,1185524,943469,Bonds,4/9/2026,Nigeria,12/4/2025 2:49
1542,TRX-70160292,201,5,Domiciliary,13553109,2498353,0,Mutual Fund,4/10/2025,United States,2/5/2026 2:30
1543,TRX-13353570,293,18,Savings,49614528,3704039,1420636,Treasury Bills,12/5/2025,Nigeria,9/27/2025 8:12
1544,TRX-03480160,186,11,Fixed Deposit,24117994,931517,0,Fixed Deposit,3/5/2025,Nigeria,4/10/2026 0:18
1545,TRX-84630851,262,1,Current,2246076,3390850,0,Treasury Bills,6/30/2026,Nigeria,7/24/2026 9:26
1546,TRX-12359179,559,10,Current,13714369,4854213,0,Bonds,11/16/2025,United States,2/17/2026 0:58
1547,TRX-50992487,783,3,Savings,41749438,3669395,0,None,1/31/2025,Nigeria,4/10/2026 23:32
1548,TRX-44941068,253,5,Fixed Deposit,37507023,1077349,437430,Treasury Bills,1/27/2025,United States,2/11/2026 10:57
1549,TRX-63321797,404,5,Current,46424248,3087828,0,Mutual Fund,1/25/2026,United States,7/13/2026 21:03
1550,TRX-26605227,768,8,Savings,32629584,3225708,543324,Fixed Deposit,3/28/2026,Nigeria,3/24/2026 19:31
1551,TRX-85975305,132,5,Domiciliary,39060070,2820830,0,Mutual Fund,2/5/2026,Nigeria,11/3/2025 18:18
1552,TRX-98900384,582,13,Current,21079107,347975,1906086,None,4/4/2025,United States,11/29/2025 14:29
1553,TRX-27005720,130,7,Current,21133802,2181044,942283,Bonds,7/11/2025,Ireland,5/25/2026 17:47
1554,TRX-15127948,717,2,Savings,35796295,4646267,0,None,3/13/2025,Nigeria,2/8/2026 10:29
1555,TRX-87912601,498,9,Savings,17954381,4028958,553032,Mutual Fund,5/16/2025,Nigeria,8/29/2025 14:25
1556,TRX-47401915,37,16,Domiciliary,18044179,1228491,733607,Bonds,5/1/2026,Nigeria,1/27/2026 9:20
1557,TRX-95454832,380,7,Domiciliary,31531602,728849,396117,Fixed Deposit,12/26/2025,Nigeria,6/26/2026 20:21
1558,TRX-17426367,745,6,Current,15982058,4594376,0,None,12/30/2025,United States,3/13/2026 22:35
1559,TRX-34803835,651,15,Current,18470570,4453198,1378357,Treasury Bills,5/27/2026,Ireland,4/23/2026 20:57
1560,TRX-39795376,276,15,Current,6133519,342551,470501,None,10/9/2025,United States,11/22/2025 12:10
1561,TRX-21617661,313,8,Current,6375173,1185549,0,Mutual Fund,3/6/2025,Nigeria,9/7/2025 21:58
1562,TRX-64173919,238,1,Savings,14814122,3595319,0,Treasury Bills,12/22/2025,Nigeria,10/4/2025 18:27
1563,TRX-86966916,406,10,Fixed Deposit,28027365,642074,719802,Fixed Deposit,3/31/2026,Nigeria,11/14/2025 21:30
1564,TRX-49964977,725,13,Fixed Deposit,38104709,3463062,0,Bonds,6/15/2025,Nigeria,3/8/2026 0:39
1565,TRX-80544220,60,6,Fixed Deposit,3186572,926935,170800,Bonds,3/22/2025,Nigeria,10/28/2025 10:43
1566,TRX-38188970,154,14,Current,641091,3284737,1679982,Mutual Fund,11/1/2025,Nigeria,1/17/2026 14:48
1567,TRX-71460921,447,16,Domiciliary,23162315,4251239,1554468,None,2/13/2025,Nigeria,5/2/2026 22:23
1568,TRX-79681314,362,6,Current,13500584,4648839,0,Treasury Bills,2/25/2026,United States,7/20/2026 1:17
1569,TRX-51201920,243,13,Current,14719827,3017981,0,Mutual Fund,3/11/2026,United States,2/13/2026 10:33
1570,TRX-89564408,65,14,Savings,29915377,3333753,1071618,Treasury Bills,4/24/2025,Ireland,9/26/2025 10:30
1571,TRX-55375221,678,9,Current,9110998,2034331,1853201,Bonds,6/8/2025,Nigeria,5/9/2026 2:23
1572,TRX-93086067,152,12,Domiciliary,5865644,4302541,643104,Mutual Fund,9/21/2025,Ireland,9/30/2025 22:27
1573,TRX-45295288,300,6,Domiciliary,21751866,4330049,238112,Treasury Bills,10/7/2025,Nigeria,3/4/2026 8:36
1574,TRX-55201429,758,11,Savings,2785426,4060698,0,Treasury Bills,8/11/2025,Nigeria,2/6/2026 20:47
1575,TRX-24708663,609,18,Domiciliary,39738655,617790,0,Treasury Bills,12/28/2025,Nigeria,7/30/2026 10:32
1576,TRX-26017972,373,10,Current,26085601,4510196,0,Fixed Deposit,11/4/2025,Nigeria,11/2/2025 12:10
1577,TRX-03928786,690,11,Current,23895712,3591469,0,Mutual Fund,6/25/2025,United States,11/24/2025 13:22
1578,TRX-85883813,404,5,Domiciliary,4714084,1288519,1434966,Mutual Fund,5/31/2025,Nigeria,8/14/2026 18:28
1579,TRX-68999974,548,3,Fixed Deposit,40407100,3957885,143744,Treasury Bills,7/3/2026,Nigeria,6/25/2026 18:10
1580,TRX-57348101,134,9,Fixed Deposit,42547863,3753865,1695341,Mutual Fund,5/20/2026,Nigeria,8/20/2025 13:35
1581,TRX-72958271,208,6,Current,9122742,2832951,0,Treasury Bills,8/20/2025,Nigeria,7/17/2026 7:59
1582,TRX-83837840,430,8,Savings,24284555,1882325,826813,None,2/28/2025,Nigeria,1/15/2026 23:00
1583,TRX-60382821,446,4,Fixed Deposit,8530681,4213421,1317632,Treasury Bills,5/17/2026,Nigeria,4/24/2026 4:26
1584,TRX-41756921,134,9,Savings,33976084,4785308,0,Treasury Bills,6/16/2025,Nigeria,2/5/2026 2:15
1585,TRX-70034657,81,2,Domiciliary,34583410,4385550,0,Treasury Bills,3/8/2025,United States,4/30/2026 3:30
1586,TRX-45001838,776,1,Fixed Deposit,14182682,2386034,0,Treasury Bills,10/15/2025,Nigeria,6/22/2026 21:24
1587,TRX-09522079,237,16,Domiciliary,28798978,1043299,0,Bonds,9/27/2025,Ireland,6/28/2026 6:55
1588,TRX-36748399,721,16,Domiciliary,3932724,3964998,598879,None,9/26/2025,Nigeria,8/1/2026 8:28
1589,TRX-22494657,743,16,Fixed Deposit,45556362,4355437,1173839,Mutual Fund,4/24/2025,Nigeria,9/25/2025 19:10
1590,TRX-98369796,543,13,Current,18335708,2209317,1862275,Treasury Bills,11/25/2025,Nigeria,12/3/2025 23:45
1591,TRX-27656790,707,9,Domiciliary,22393787,215534,414764,Treasury Bills,2/5/2025,Nigeria,4/25/2026 4:40
1592,TRX-62466830,474,17,Savings,49643756,4973808,647582,Bonds,3/25/2025,Ireland,3/19/2026 10:35
1593,TRX-73090853,626,4,Domiciliary,23744,173572,0,Mutual Fund,5/21/2026,Nigeria,11/27/2025 9:21
1594,TRX-73664780,13,17,Current,7655721,2395690,161936,Treasury Bills,2/11/2026,Ireland,2/14/2026 9:19
1595,TRX-43316314,407,1,Savings,889067,1740877,1825546,Bonds,2/27/2025,Nigeria,8/4/2026 15:03
1596,TRX-73539140,615,15,Domiciliary,5862884,4659994,0,Treasury Bills,1/27/2026,Nigeria,10/5/2025 0:43
1597,TRX-16451645,333,12,Current,46677638,4737191,0,Bonds,3/29/2026,Nigeria,12/7/2025 4:05
1598,TRX-01452069,209,9,Current,8540355,1696267,0,Mutual Fund,5/18/2025,Nigeria,1/15/2026 23:43
1599,TRX-46053068,512,16,Fixed Deposit,49622051,4679920,221507,Fixed Deposit,11/15/2025,Nigeria,9/7/2025 15:52
1600,TRX-82645956,387,5,Fixed Deposit,11930767,884644,817022,Bonds,1/23/2025,Ireland,1/20/2026 8:53
1601,TRX-27307321,96,11,Savings,20865769,3263095,801582,Fixed Deposit,9/23/2025,United States,10/2/2025 5:44
1602,TRX-72967309,316,4,Current,18459452,2054365,0,Treasury Bills,7/2/2026,Nigeria,2/11/2026 13:34
1603,TRX-44475779,209,9,Savings,33134777,2481597,0,None,1/13/2026,Ireland,6/1/2026 13:28
1604,TRX-94299000,333,12,Current,27712976,2834781,0,None,11/24/2025,Nigeria,8/31/2025 21:09
1605,TRX-09398641,509,7,Savings,4392127,4609104,0,Mutual Fund,12/31/2025,Nigeria,6/6/2026 0:08
1606,TRX-10426928,725,13,Domiciliary,45853744,2229275,0,None,5/12/2025,Nigeria,3/8/2026 1:55
1607,TRX-42221097,428,8,Domiciliary,31618307,3553035,0,Fixed Deposit,6/18/2026,Nigeria,5/10/2026 15:31
1608,TRX-94928037,282,14,Savings,46892402,3362814,534540,Mutual Fund,5/11/2026,Nigeria,5/12/2026 23:57
1609,TRX-34228093,285,1,Savings,34555835,2322150,1978695,None,6/25/2026,Nigeria,7/29/2026 3:47
1610,TRX-93462032,235,15,Savings,1406928,2074235,1318894,Bonds,5/5/2025,United States,3/10/2026 5:42
1611,TRX-07124299,557,1,Domiciliary,31334666,4625537,0,Fixed Deposit,3/11/2025,Ireland,3/5/2026 21:16
1612,TRX-00020475,330,18,Savings,45795553,1967460,0,Fixed Deposit,5/4/2026,Nigeria,2/2/2026 1:09
1613,TRX-55136940,292,13,Fixed Deposit,42634586,176733,0,Fixed Deposit,9/7/2025,Nigeria,6/29/2026 8:25
1614,TRX-33849056,669,5,Current,25391637,2311828,0,Treasury Bills,9/19/2025,Ireland,9/3/2025 14:18
1615,TRX-21924457,121,18,Savings,36092491,653003,1152443,Fixed Deposit,11/13/2025,United States,1/3/2026 14:46
1616,TRX-66549069,424,18,Domiciliary,26119186,860053,0,Fixed Deposit,11/15/2025,Nigeria,5/25/2026 3:54
1617,TRX-18019479,155,6,Domiciliary,6723248,929934,0,Treasury Bills,8/25/2025,Nigeria,12/1/2025 16:28
1618,TRX-65538805,763,15,Current,45319593,4152357,0,Bonds,7/3/2026,Nigeria,8/19/2025 5:09
1619,TRX-99775773,663,12,Savings,20628708,1720705,237346,Bonds,4/14/2026,Nigeria,10/22/2025 10:42
1620,TRX-60668500,418,11,Domiciliary,40315309,4098790,1090128,Mutual Fund,9/15/2025,United States,10/26/2025 23:57
1621,TRX-06729193,146,18,Savings,26791904,382877,1292387,Bonds,7/27/2025,Nigeria,3/16/2026 16:59
1622,TRX-64202302,597,9,Fixed Deposit,17062896,3346926,0,Bonds,4/1/2026,Nigeria,1/2/2026 4:25
1623,TRX-96709047,648,11,Current,32866698,2637137,0,Bonds,4/5/2025,United States,4/21/2026 3:03
1624,TRX-53314663,95,7,Savings,41907858,649168,0,Mutual Fund,12/6/2025,Nigeria,7/1/2026 19:37
1625,TRX-98306284,646,14,Fixed Deposit,44959144,2688411,0,None,8/22/2025,Nigeria,7/31/2026 20:38
1626,TRX-46494282,652,13,Savings,4959893,1764768,0,Mutual Fund,7/15/2026,Nigeria,3/20/2026 4:24
1627,TRX-48190269,378,2,Fixed Deposit,10255467,2037092,275336,Fixed Deposit,8/15/2025,Ireland,10/12/2025 8:50
1628,TRX-18005001,735,9,Savings,38702938,1181113,0,Fixed Deposit,9/18/2025,Nigeria,3/17/2026 7:38
1629,TRX-38237215,444,8,Domiciliary,44276915,3984777,0,Treasury Bills,6/8/2026,Nigeria,5/28/2026 23:57
1630,TRX-22417825,490,8,Current,11946661,4664509,1363896,Mutual Fund,12/31/2025,Nigeria,5/2/2026 4:42
1631,TRX-55232830,694,1,Domiciliary,12354089,2983634,0,None,1/3/2026,Ireland,8/26/2025 0:47
1632,TRX-66696663,100,5,Fixed Deposit,17520422,2373399,0,Mutual Fund,7/4/2026,Nigeria,11/29/2025 10:49
1633,TRX-10337466,5,16,Current,35771329,2885455,7585,Mutual Fund,2/15/2026,Nigeria,12/5/2025 11:31
1634,TRX-88890385,232,6,Fixed Deposit,11383013,3330299,1868415,None,7/25/2026,Nigeria,9/3/2025 3:26
1635,TRX-26998916,655,17,Current,5650460,2484850,1616469,Treasury Bills,3/6/2025,Ireland,8/12/2026 16:50
1636,TRX-49816079,419,5,Current,29718901,3827340,0,Mutual Fund,12/14/2025,Nigeria,5/3/2026 8:02
1637,TRX-91447515,20,9,Savings,31960134,3693540,0,Bonds,5/27/2025,Nigeria,9/4/2025 23:29
1638,TRX-60729533,52,10,Fixed Deposit,16056951,3126417,0,Mutual Fund,6/2/2026,United States,12/10/2025 0:26
1639,TRX-18306438,716,15,Domiciliary,2864229,2108694,0,None,7/4/2026,Nigeria,5/3/2026 6:57
1640,TRX-41631513,403,17,Current,5846518,3456585,848755,None,3/25/2025,Nigeria,11/5/2025 7:13
1641,TRX-52906903,687,1,Savings,36551783,4773031,941889,Mutual Fund,3/18/2025,Nigeria,3/29/2026 5:04
1642,TRX-82231774,94,10,Current,40161973,3957986,1010486,Treasury Bills,8/12/2025,Nigeria,3/30/2026 10:21
1643,TRX-58682643,398,17,Fixed Deposit,32353145,3588394,1108513,Bonds,2/28/2025,Nigeria,7/21/2026 23:36
1644,TRX-84838758,657,15,Current,33500371,4662697,0,Treasury Bills,4/20/2026,Nigeria,9/6/2025 13:31
1645,TRX-53789067,590,2,Savings,29063787,4115234,0,Treasury Bills,7/18/2025,Nigeria,11/4/2025 22:40
1646,TRX-87296127,451,7,Current,48184821,3093922,0,Mutual Fund,3/14/2025,Nigeria,2/13/2026 15:15
1647,TRX-77561812,754,12,Fixed Deposit,49071671,926052,1022657,Fixed Deposit,3/11/2025,Nigeria,11/18/2025 11:29
1648,TRX-90957378,184,15,Fixed Deposit,41011525,3743463,1958033,None,4/18/2025,Nigeria,4/16/2026 8:43
1649,TRX-42641456,724,13,Fixed Deposit,13753983,1294577,0,Bonds,4/26/2026,Nigeria,12/20/2025 4:10
1650,TRX-89870790,271,18,Domiciliary,39507053,515006,854730,Treasury Bills,3/7/2025,Nigeria,8/10/2026 13:29
1651,TRX-92841999,602,14,Fixed Deposit,3730875,3624145,628186,Mutual Fund,8/28/2025,Nigeria,7/3/2026 15:46
1652,TRX-77586874,566,2,Domiciliary,27595605,1199571,0,None,2/27/2026,Nigeria,1/26/2026 16:06
1653,TRX-06748676,402,12,Domiciliary,21713197,3676181,583387,Mutual Fund,6/7/2025,Nigeria,6/20/2026 10:18
1654,TRX-13510771,39,14,Savings,35443418,4400172,244071,None,3/25/2026,Nigeria,4/4/2026 5:44
1655,TRX-22751848,705,7,Savings,47430863,1797334,0,Mutual Fund,4/28/2025,Nigeria,7/8/2026 18:00
1656,TRX-96897764,289,13,Savings,25212778,4294091,1468196,Bonds,12/29/2025,Nigeria,5/10/2026 2:14
1657,TRX-28486919,211,15,Savings,5651846,1743180,1854948,None,6/26/2025,Nigeria,9/14/2025 16:04
1658,TRX-66273305,541,14,Fixed Deposit,34161893,2945189,1628769,Treasury Bills,5/6/2025,Nigeria,1/10/2026 16:26
1659,TRX-40092387,404,5,Savings,9319929,3784396,0,Treasury Bills,6/1/2026,Nigeria,10/27/2025 5:08
1660,TRX-54306140,447,16,Savings,14929605,1292692,1519531,Fixed Deposit,2/24/2025,Nigeria,1/13/2026 3:08
1661,TRX-92308340,790,12,Current,4733763,1486556,0,Mutual Fund,6/22/2025,Nigeria,5/28/2026 4:56
1662,TRX-08861275,777,15,Current,24229125,4987660,0,None,12/31/2025,Nigeria,11/15/2025 19:36
1663,TRX-07974662,543,13,Savings,41958100,3680557,1926633,Mutual Fund,4/22/2026,Ireland,2/16/2026 3:59
1664,TRX-43849632,519,12,Savings,28844662,2507277,0,None,4/23/2025,Ireland,7/8/2026 2:02
1665,TRX-75744190,394,9,Savings,47559401,251441,0,None,2/13/2026,Nigeria,6/19/2026 6:31
1666,TRX-34853871,3,5,Savings,13175147,1971328,0,Bonds,9/17/2025,Nigeria,12/26/2025 1:13
1667,TRX-22792297,632,11,Savings,15965796,2372209,1595483,Mutual Fund,7/2/2026,Nigeria,3/18/2026 4:12
1668,TRX-28762495,455,10,Current,9317643,4966737,0,Mutual Fund,5/10/2025,Ireland,7/10/2026 4:20
1669,TRX-20578804,494,3,Savings,26965414,68804,0,Bonds,7/2/2026,Nigeria,11/17/2025 13:47
1670,TRX-38505372,752,16,Domiciliary,20269570,1044473,0,Mutual Fund,9/1/2025,Ireland,5/5/2026 4:28
1671,TRX-31237195,600,13,Fixed Deposit,9578530,2260402,724195,Mutual Fund,2/16/2025,Nigeria,8/29/2025 17:50
1672,TRX-33653300,195,12,Current,9554905,400438,0,Mutual Fund,4/6/2025,Nigeria,6/3/2026 8:35
1673,TRX-94610089,221,13,Savings,19768925,3371018,1103006,None,1/7/2025,Nigeria,1/20/2026 9:15
1674,TRX-83694355,124,5,Current,12605450,4851881,1946641,Fixed Deposit,2/11/2025,Ireland,6/2/2026 11:20
1675,TRX-42361664,86,12,Current,14377056,1554812,975703,Fixed Deposit,10/16/2025,Ireland,1/3/2026 21:06
1676,TRX-79964188,93,2,Domiciliary,36545837,4553364,0,Mutual Fund,3/12/2026,Nigeria,8/21/2025 8:38
1677,TRX-71264881,302,16,Current,47128862,2715656,0,Bonds,9/14/2025,Nigeria,6/17/2026 12:24
1678,TRX-83049150,757,7,Fixed Deposit,24490071,3470097,1464500,Fixed Deposit,4/7/2025,Nigeria,10/27/2025 18:25
1679,TRX-46569600,260,5,Domiciliary,1727866,2965968,73006,Bonds,1/29/2025,Nigeria,4/14/2026 8:11
1680,TRX-38099240,377,2,Domiciliary,35105928,2606178,0,Mutual Fund,11/5/2025,Nigeria,8/2/2026 8:14
1681,TRX-36667557,582,13,Current,44164629,2607118,1150885,Treasury Bills,6/20/2026,Nigeria,5/24/2026 22:26
1682,TRX-31719875,565,2,Domiciliary,22527891,1374974,628230,Treasury Bills,7/1/2025,Nigeria,11/8/2025 16:15
1683,TRX-73928221,433,6,Fixed Deposit,15245397,4937304,0,Mutual Fund,2/14/2026,Nigeria,2/6/2026 10:53
1684,TRX-54950269,281,13,Savings,18600893,2722206,0,None,1/2/2025,Ireland,2/9/2026 2:44
1685,TRX-16130333,325,5,Fixed Deposit,16437567,1236214,653327,Mutual Fund,1/9/2026,United States,5/14/2026 2:49
1686,TRX-64196524,306,5,Savings,19628755,1363805,23933,Treasury Bills,4/1/2026,Nigeria,3/31/2026 3:15
1687,TRX-30735674,518,10,Domiciliary,32819869,1463119,0,Bonds,1/15/2026,Nigeria,1/1/2026 20:58
1688,TRX-49951467,325,5,Domiciliary,25912287,502248,1658317,Treasury Bills,7/23/2026,Nigeria,4/9/2026 7:02
1689,TRX-43491309,336,18,Domiciliary,15667046,4689816,0,Treasury Bills,2/10/2025,Nigeria,4/23/2026 12:44
1690,TRX-14552418,349,4,Fixed Deposit,48384087,425515,0,Bonds,8/22/2025,United States,6/14/2026 14:55
1691,TRX-04084711,270,7,Domiciliary,4140107,1015876,0,Treasury Bills,2/1/2026,United States,10/25/2025 2:09
1692,TRX-03753429,670,18,Domiciliary,28409739,732792,1057862,Treasury Bills,11/14/2025,Nigeria,12/9/2025 11:14
1693,TRX-11908120,366,9,Savings,20724460,500030,0,Bonds,10/23/2025,United States,7/7/2026 7:45
1694,TRX-63256126,219,3,Savings,49126769,1996131,0,Treasury Bills,4/27/2026,Nigeria,6/3/2026 10:41
1695,TRX-67768737,401,4,Savings,38447640,3727469,0,Mutual Fund,6/2/2026,United States,2/18/2026 1:40
1696,TRX-41323386,320,9,Fixed Deposit,44341283,4670677,1543913,Treasury Bills,5/11/2025,Nigeria,10/27/2025 0:13
1697,TRX-42053462,739,14,Current,43273336,2904972,1413681,Mutual Fund,7/21/2026,United States,6/27/2026 3:02
1698,TRX-36816166,62,8,Savings,33691797,3290932,0,Fixed Deposit,2/16/2025,Ireland,12/9/2025 9:18
1699,TRX-54508448,366,9,Savings,10372633,2924495,1958310,Bonds,1/20/2026,United States,9/9/2025 1:22
1700,TRX-73364322,599,14,Savings,49399591,711770,288806,Bonds,8/16/2025,Nigeria,2/20/2026 1:42
1701,TRX-58154363,120,1,Savings,18190781,2436746,1752629,Treasury Bills,4/8/2025,Nigeria,11/18/2025 6:39
1702,TRX-15818894,647,15,Fixed Deposit,22705597,2743694,0,Mutual Fund,2/16/2025,Nigeria,8/21/2025 20:33
1703,TRX-93237056,219,3,Fixed Deposit,14249701,1784575,77001,Treasury Bills,2/3/2025,Nigeria,3/7/2026 11:22
1704,TRX-94282577,254,17,Fixed Deposit,22266035,382486,0,Fixed Deposit,10/3/2025,Nigeria,9/18/2025 22:37
1705,TRX-32542066,660,12,Fixed Deposit,18307104,3805979,0,Treasury Bills,12/21/2025,Nigeria,4/13/2026 3:25
1706,TRX-16465911,237,16,Current,3269783,1199311,0,None,7/7/2026,Nigeria,7/18/2026 11:02
1707,TRX-12535098,765,13,Fixed Deposit,7775725,4140693,1877608,Mutual Fund,3/13/2026,Nigeria,11/4/2025 0:31
1708,TRX-95713034,162,15,Domiciliary,32360098,2113950,0,None,8/12/2025,Nigeria,3/14/2026 16:37
1709,TRX-45333831,607,18,Fixed Deposit,39123003,4749309,1378987,None,10/20/2025,Nigeria,7/14/2026 7:21
1710,TRX-47737472,623,6,Domiciliary,6399060,3843207,0,Treasury Bills,6/29/2025,Nigeria,4/11/2026 3:38
1711,TRX-94160412,302,16,Current,45052674,560051,950160,Fixed Deposit,5/28/2025,United States,12/19/2025 7:13
1712,TRX-20952714,168,6,Domiciliary,1365583,266133,0,None,11/9/2025,United States,1/15/2026 0:16
1713,TRX-68235740,381,10,Domiciliary,17813520,4552146,1746993,Mutual Fund,4/12/2025,Nigeria,7/26/2026 1:00
1714,TRX-07218480,493,13,Current,8099619,1110060,0,None,1/31/2026,Nigeria,4/15/2026 9:06
1715,TRX-41492601,664,4,Fixed Deposit,9373296,2726844,1516402,Fixed Deposit,3/7/2025,United States,8/30/2025 2:11
1716,TRX-06481099,473,17,Fixed Deposit,14384286,4893320,103319,None,3/9/2025,Nigeria,3/2/2026 0:23
1717,TRX-74547928,570,1,Savings,26823201,4244607,714864,Fixed Deposit,5/19/2025,Nigeria,4/15/2026 4:46
1718,TRX-30006187,425,4,Domiciliary,41728402,3284266,874702,None,8/29/2025,United States,3/14/2026 21:06
1719,TRX-17570272,235,15,Savings,3163441,1538962,0,Fixed Deposit,3/10/2025,Nigeria,9/14/2025 0:16
1720,TRX-85838862,282,14,Fixed Deposit,21907476,1197684,1691232,Bonds,8/1/2025,United States,7/15/2026 18:30
1721,TRX-26722967,107,12,Current,17010113,4589520,0,Mutual Fund,5/20/2025,Nigeria,4/17/2026 17:51
1722,TRX-35833090,270,7,Current,30944866,796069,1899108,None,5/25/2025,Nigeria,3/4/2026 11:03
1723,TRX-29239253,575,13,Fixed Deposit,30691401,4987020,1676610,Bonds,8/24/2025,Nigeria,4/10/2026 23:20
1724,TRX-15189588,767,14,Fixed Deposit,24259210,2219039,1908400,Bonds,9/10/2025,United States,6/19/2026 9:55
1725,TRX-48136876,606,5,Current,34631680,2406412,0,Fixed Deposit,3/14/2025,Nigeria,8/8/2026 22:47
1726,TRX-14538541,726,8,Savings,20224501,137872,1076716,Treasury Bills,7/1/2026,United States,9/6/2025 18:24
1727,TRX-36435635,185,14,Current,23463136,307567,0,Fixed Deposit,8/7/2025,Nigeria,5/3/2026 19:24
1728,TRX-00590958,792,4,Fixed Deposit,5386542,1367491,1002190,Treasury Bills,1/4/2026,Nigeria,7/10/2026 11:34
1729,TRX-40470308,129,13,Fixed Deposit,18715062,4715943,570626,Treasury Bills,3/1/2025,United States,7/22/2026 6:24
1730,TRX-80708482,9,1,Fixed Deposit,33234868,2993573,0,None,6/1/2026,Nigeria,11/16/2025 23:03
1731,TRX-01321259,635,7,Fixed Deposit,25718404,3296328,0,Fixed Deposit,6/17/2026,Nigeria,6/26/2026 8:02
1732,TRX-49726469,523,17,Fixed Deposit,28538343,464253,0,Fixed Deposit,3/1/2025,Ireland,4/19/2026 5:35
1733,TRX-23203883,275,1,Savings,27828353,2326044,1608486,Treasury Bills,5/28/2025,United States,7/15/2026 4:53
1734,TRX-43852238,431,8,Current,2637800,318800,0,Fixed Deposit,8/16/2025,Nigeria,2/10/2026 17:54
1735,TRX-03954984,165,15,Fixed Deposit,19145104,2532724,1740363,Bonds,3/30/2026,United States,9/22/2025 13:18
1736,TRX-18059153,401,4,Domiciliary,22238168,2199798,0,Mutual Fund,2/9/2025,United States,12/30/2025 23:24
1737,TRX-41063589,728,3,Domiciliary,3546675,681443,0,Treasury Bills,1/14/2026,Nigeria,10/4/2025 22:42
1738,TRX-79491348,219,3,Savings,28162533,504394,1309301,Bonds,9/17/2025,Nigeria,7/24/2026 23:54
1739,TRX-13957991,207,3,Current,49039223,3978536,1482390,None,2/14/2026,Nigeria,8/4/2026 19:33
1740,TRX-73874514,541,14,Domiciliary,43641949,1419137,0,Fixed Deposit,3/11/2026,Nigeria,11/24/2025 1:39
1741,TRX-99654232,628,18,Savings,12430428,3138404,479384,None,7/24/2026,Nigeria,12/5/2025 3:33
1742,TRX-88247373,226,16,Savings,13464573,3668943,0,Mutual Fund,4/24/2026,Nigeria,4/4/2026 13:45
1743,TRX-72448064,283,10,Fixed Deposit,16482990,1673054,0,Fixed Deposit,2/2/2025,Nigeria,3/16/2026 21:36
1744,TRX-41543253,38,3,Savings,16813451,3758863,535392,Fixed Deposit,5/27/2026,Nigeria,11/3/2025 18:12
1745,TRX-81407056,367,8,Savings,18884561,591061,0,None,4/22/2025,Nigeria,12/6/2025 14:49
1746,TRX-39342703,630,16,Current,38075843,4199237,1757325,Mutual Fund,4/15/2026,Nigeria,11/4/2025 15:26
1747,TRX-37537155,328,11,Fixed Deposit,31095343,4913292,0,None,2/20/2026,Nigeria,9/28/2025 9:10
1748,TRX-58766928,490,8,Current,11609412,1123416,0,None,2/8/2026,United States,12/3/2025 17:23
1749,TRX-49237062,376,13,Current,13460206,3194555,1362397,Treasury Bills,2/17/2026,Nigeria,11/9/2025 9:21
1750,TRX-09867866,165,15,Fixed Deposit,45389362,939640,1135033,Treasury Bills,5/6/2026,United States,12/31/2025 5:14
1751,TRX-89630653,70,14,Current,43753115,469701,1217212,None,9/1/2025,Nigeria,11/16/2025 18:16
1752,TRX-78271840,225,4,Savings,3059889,2726138,1893441,None,3/7/2026,Nigeria,3/27/2026 6:24
1753,TRX-06242013,180,5,Domiciliary,25011605,680284,1089607,Treasury Bills,3/19/2026,Nigeria,9/19/2025 1:18
1754,TRX-87678676,405,11,Savings,39902814,1774629,0,Bonds,9/6/2025,Nigeria,9/16/2025 23:51
1755,TRX-47443859,341,8,Fixed Deposit,24728532,3750842,0,None,6/15/2025,Nigeria,1/27/2026 4:49
1756,TRX-61143714,678,9,Savings,48993523,4655374,1930197,Treasury Bills,5/10/2026,Nigeria,1/22/2026 8:56
1757,TRX-74099667,378,2,Savings,21778049,2664817,0,Bonds,5/12/2025,Nigeria,3/14/2026 18:19
1758,TRX-55780714,249,6,Domiciliary,19184513,104854,1916926,Bonds,7/6/2026,Nigeria,1/26/2026 18:06
1759,TRX-88195716,487,16,Current,48666055,1822013,1179414,Bonds,7/13/2025,Ireland,8/9/2026 9:20
1760,TRX-91889171,106,2,Savings,37705477,302625,0,Fixed Deposit,7/20/2026,Nigeria,11/8/2025 7:17
1761,TRX-29981008,69,9,Domiciliary,39147089,1156760,0,Treasury Bills,5/1/2025,Nigeria,12/27/2025 13:51
1762,TRX-17410185,740,15,Fixed Deposit,23596352,4911095,0,Mutual Fund,10/29/2025,Nigeria,1/19/2026 0:37
1763,TRX-99051138,101,18,Savings,631267,3540501,559644,Treasury Bills,6/15/2026,Nigeria,2/10/2026 8:03
1764,TRX-15397504,192,13,Domiciliary,29132552,3787887,0,Treasury Bills,10/24/2025,United States,7/17/2026 19:17
1765,TRX-25588991,17,17,Fixed Deposit,46478306,3804956,0,Bonds,2/10/2025,Nigeria,3/31/2026 11:49
1766,TRX-47802412,656,2,Domiciliary,2605755,4740682,1322261,Mutual Fund,5/27/2025,Nigeria,7/26/2026 20:57
1767,TRX-15490112,223,16,Domiciliary,37211547,3574669,0,Bonds,10/21/2025,Nigeria,11/3/2025 15:00
1768,TRX-57796133,441,6,Domiciliary,337745,4635197,347210,Bonds,11/2/2025,Nigeria,2/13/2026 1:31
1769,TRX-15975347,419,5,Domiciliary,3484632,4665000,1146853,Bonds,9/15/2025,Nigeria,7/25/2026 0:04
1770,TRX-94704107,418,11,Domiciliary,25391697,4926085,0,Bonds,4/18/2025,Nigeria,3/9/2026 14:50
1771,TRX-14877102,90,9,Savings,12472396,1828229,1664932,None,7/4/2026,Nigeria,4/8/2026 18:59
1772,TRX-55175313,792,4,Savings,23936231,1247584,0,Fixed Deposit,11/18/2025,United States,10/20/2025 5:37
1773,TRX-85774986,383,16,Current,1797833,215394,0,None,3/18/2026,Nigeria,8/30/2025 19:47
1774,TRX-64951051,313,8,Domiciliary,16510051,4139120,0,Treasury Bills,5/16/2026,United States,11/14/2025 17:50
1775,TRX-78120621,440,16,Current,21141887,725591,0,Treasury Bills,3/7/2025,Nigeria,11/7/2025 19:21
1776,TRX-97970266,712,4,Domiciliary,46548806,4937745,0,None,12/17/2025,Nigeria,2/10/2026 17:24
1777,TRX-78365814,240,8,Current,45912413,4231210,0,None,5/21/2025,Nigeria,7/26/2026 20:10
1778,TRX-58042911,492,13,Fixed Deposit,25270386,3534111,0,Fixed Deposit,1/8/2025,Nigeria,9/18/2025 4:33
1779,TRX-09590045,357,13,Domiciliary,15015586,1458902,0,Mutual Fund,2/26/2026,Nigeria,3/30/2026 8:59
1780,TRX-83209523,411,9,Savings,39637460,821495,1140964,Mutual Fund,9/24/2025,Nigeria,11/2/2025 19:31
1781,TRX-08730484,158,13,Current,24657234,2347977,0,Fixed Deposit,12/18/2025,Nigeria,8/18/2025 9:30
1782,TRX-89990716,653,2,Fixed Deposit,6658530,2694101,0,Mutual Fund,7/16/2025,Nigeria,12/31/2025 9:07
1783,TRX-11526045,384,1,Fixed Deposit,35716164,4791015,1564068,Treasury Bills,11/2/2025,Nigeria,5/28/2026 13:52
1784,TRX-45266498,273,4,Fixed Deposit,1827863,4700922,691754,Bonds,9/18/2025,Ireland,8/11/2026 21:18
1785,TRX-04617951,723,3,Domiciliary,25965828,3549720,1891931,Treasury Bills,8/21/2025,United States,9/2/2025 4:04
1786,TRX-71169025,506,2,Savings,29998911,1213219,0,Treasury Bills,5/14/2026,Nigeria,5/11/2026 8:51
1787,TRX-30917998,544,9,Savings,18109743,2611203,1144923,Fixed Deposit,9/8/2025,Nigeria,8/29/2025 21:31
1788,TRX-08065400,191,10,Domiciliary,22362070,1346513,0,Mutual Fund,4/23/2025,Ireland,11/10/2025 0:42
1789,TRX-11299146,640,2,Domiciliary,40706788,2633798,0,Mutual Fund,12/7/2025,Nigeria,3/21/2026 11:12
1790,TRX-61436514,313,8,Fixed Deposit,13688418,2096652,0,None,7/24/2025,United States,7/28/2026 5:29
1791,TRX-17736034,661,6,Current,48979231,2055799,0,Treasury Bills,8/20/2025,Nigeria,9/24/2025 21:42
1792,TRX-06603569,78,4,Current,44748992,2676379,645188,Treasury Bills,6/26/2025,Nigeria,11/22/2025 10:10
1793,TRX-12692130,734,5,Domiciliary,25359863,2031844,0,Mutual Fund,1/15/2025,Nigeria,10/16/2025 13:34
1794,TRX-48942542,319,8,Current,36474202,3825166,1180873,Fixed Deposit,10/31/2025,United States,7/13/2026 19:15
1795,TRX-79072704,9,1,Domiciliary,317888,130933,0,Treasury Bills,11/11/2025,Nigeria,1/12/2026 19:58
1796,TRX-35304457,60,6,Current,47426878,872666,828510,Mutual Fund,11/22/2025,Nigeria,12/1/2025 0:35
1797,TRX-31422520,204,13,Fixed Deposit,48672370,4847201,58939,Treasury Bills,7/2/2025,United States,1/26/2026 17:57
1798,TRX-00541981,170,18,Current,30480914,860972,0,Fixed Deposit,5/17/2025,United States,4/17/2026 20:03
1799,TRX-09482643,204,13,Fixed Deposit,38203674,2123583,0,Fixed Deposit,3/10/2025,Nigeria,8/14/2026 8:19
1800,TRX-27360558,32,5,Domiciliary,28155953,3125995,1296522,Fixed Deposit,8/3/2025,Nigeria,2/19/2026 11:34
1801,TRX-33086326,9,1,Savings,46868100,4548471,0,Treasury Bills,7/3/2025,United States,7/31/2026 23:27
1802,TRX-84705753,174,17,Fixed Deposit,6645095,4632020,0,Mutual Fund,1/1/2026,Nigeria,7/21/2026 12:34
1803,TRX-27157787,617,18,Current,44361858,4173002,0,Mutual Fund,5/2/2026,Nigeria,7/12/2026 16:30
1804,TRX-37262848,628,18,Current,11373629,1505738,0,Treasury Bills,11/5/2025,Nigeria,10/26/2025 9:28
1805,TRX-66228768,6,9,Current,1548365,698115,0,Mutual Fund,2/17/2026,Nigeria,4/22/2026 13:18
1806,TRX-68577431,97,10,Domiciliary,19933846,4496275,598581,Fixed Deposit,7/11/2025,Nigeria,3/9/2026 19:39
1807,TRX-07885026,379,6,Current,26720361,172702,696110,Mutual Fund,5/9/2025,Nigeria,1/11/2026 5:55
1808,TRX-89960137,542,2,Current,42275711,477846,0,Fixed Deposit,1/5/2025,Nigeria,12/21/2025 2:35
1809,TRX-64797498,787,2,Current,1425446,4823470,0,None,7/19/2026,Nigeria,4/17/2026 15:56
1810,TRX-11786739,640,2,Domiciliary,36519085,1114213,0,Mutual Fund,7/24/2026,Nigeria,4/16/2026 19:53
1811,TRX-12361458,751,7,Savings,20603905,4268120,1499178,Treasury Bills,5/30/2026,Nigeria,1/9/2026 21:23
1812,TRX-25581007,171,3,Current,35485893,4221027,235790,Fixed Deposit,5/7/2025,Nigeria,3/2/2026 14:20
1813,TRX-14949468,26,8,Domiciliary,32090267,1518832,444309,Bonds,10/1/2025,United States,9/30/2025 7:14
1814,TRX-92215458,73,10,Domiciliary,11447624,867506,0,Mutual Fund,11/15/2025,Nigeria,12/25/2025 22:37
1815,TRX-18448778,402,12,Domiciliary,46543396,3611175,0,Fixed Deposit,8/13/2025,Nigeria,8/14/2026 14:47
1816,TRX-97939789,328,11,Domiciliary,11497145,2571930,0,Bonds,6/17/2025,United States,6/23/2026 1:53
1817,TRX-81849935,604,7,Savings,16065823,657021,0,Bonds,4/24/2025,Nigeria,2/3/2026 19:25
1818,TRX-76623619,388,2,Current,41158575,282144,439490,Bonds,2/26/2026,Nigeria,10/26/2025 20:00
1819,TRX-08740133,70,14,Savings,3398390,658375,0,None,1/30/2025,Nigeria,4/17/2026 3:41
1820,TRX-38821235,491,12,Savings,10325453,3569897,1095555,Mutual Fund,2/15/2026,Nigeria,4/18/2026 16:13
1821,TRX-33931698,487,16,Domiciliary,45621045,3358003,736033,Bonds,12/31/2025,Ireland,8/5/2026 10:41
1822,TRX-16094184,352,9,Savings,14216019,2622986,1683628,Bonds,7/20/2026,Nigeria,4/15/2026 1:05
1823,TRX-88303193,134,9,Fixed Deposit,36742610,2431406,0,Fixed Deposit,9/25/2025,United States,4/28/2026 9:06
1824,TRX-23412778,786,14,Fixed Deposit,28070597,3584100,0,Treasury Bills,1/17/2026,United States,1/31/2026 20:49
1825,TRX-42444624,489,3,Domiciliary,28981824,2074710,0,Bonds,3/29/2026,Nigeria,8/30/2025 22:25
1826,TRX-71171440,767,14,Domiciliary,42776916,1157682,1750273,None,12/20/2025,United States,10/21/2025 18:15
1827,TRX-66729392,493,13,Savings,17991751,2179468,0,Fixed Deposit,8/28/2025,Ireland,12/20/2025 17:59
1828,TRX-74724210,406,10,Fixed Deposit,8188258,182891,0,Bonds,3/8/2026,Nigeria,5/13/2026 17:29
1829,TRX-06270562,513,8,Domiciliary,31427273,4474079,0,Bonds,2/8/2026,Nigeria,4/21/2026 1:40
1830,TRX-59329684,724,13,Savings,46065947,3906042,0,None,7/14/2026,Nigeria,1/10/2026 3:20
1831,TRX-29693569,632,11,Savings,5657819,3946058,0,Mutual Fund,10/19/2025,United States,7/28/2026 8:14
1832,TRX-47113210,749,7,Current,45314066,1760244,0,Treasury Bills,5/5/2025,Nigeria,5/15/2026 12:00
1833,TRX-64928221,412,10,Fixed Deposit,23255725,1752582,0,None,7/18/2026,Nigeria,7/4/2026 12:29
1834,TRX-25035354,755,6,Domiciliary,47603601,4395059,1021948,Mutual Fund,3/31/2025,Nigeria,12/31/2025 3:33
1835,TRX-85152224,8,1,Current,7194967,702511,0,Treasury Bills,1/15/2026,Nigeria,6/28/2026 20:57
1836,TRX-96670615,296,9,Domiciliary,37499509,1909802,149652,Bonds,2/28/2026,Nigeria,12/18/2025 4:23
1837,TRX-05873920,788,14,Domiciliary,18849531,1188104,0,Fixed Deposit,5/17/2025,Nigeria,8/16/2025 22:52
1838,TRX-54186323,677,17,Fixed Deposit,16621041,4233445,1944794,None,5/31/2026,Ireland,9/3/2025 2:40
1839,TRX-10703825,16,10,Savings,6008773,1601058,1696983,Mutual Fund,2/14/2026,Nigeria,6/13/2026 13:40
1840,TRX-61037096,116,1,Fixed Deposit,29541523,260975,245385,Treasury Bills,12/17/2025,Nigeria,8/15/2026 10:50
1841,TRX-94464078,671,9,Current,13565348,2085700,0,Fixed Deposit,11/24/2025,Nigeria,4/30/2026 4:52
1842,TRX-39502111,607,18,Domiciliary,33857173,3292229,144679,Fixed Deposit,6/30/2026,Nigeria,12/15/2025 14:06
1843,TRX-63847776,630,16,Domiciliary,15604584,174701,0,None,10/3/2025,Nigeria,12/15/2025 12:55
1844,TRX-09551682,208,6,Savings,40400968,3149015,94455,Bonds,4/12/2025,Nigeria,5/20/2026 1:50
1845,TRX-26268969,41,10,Fixed Deposit,49235272,3057291,1837306,Mutual Fund,10/9/2025,Nigeria,5/9/2026 9:08
1846,TRX-47283932,442,15,Fixed Deposit,22858229,1228476,0,None,5/9/2026,Nigeria,8/27/2025 13:58
1847,TRX-16247303,263,1,Domiciliary,37585868,1671529,0,Treasury Bills,1/4/2026,Nigeria,11/3/2025 10:40
1848,TRX-50581011,565,2,Fixed Deposit,45318292,2362472,1436137,None,2/16/2026,Nigeria,2/13/2026 18:58
1849,TRX-44129503,114,4,Fixed Deposit,20893156,3852632,628550,Treasury Bills,2/21/2026,Nigeria,2/1/2026 2:32
1850,TRX-62306173,470,18,Domiciliary,22819166,4462130,0,Mutual Fund,5/3/2025,Nigeria,12/30/2025 17:45
1851,TRX-63891830,773,4,Domiciliary,33117717,4208422,637112,Bonds,2/6/2026,Nigeria,6/1/2026 19:24
1852,TRX-93667652,287,14,Current,37789141,1740738,112136,Bonds,2/17/2026,United States,1/20/2026 3:44
1853,TRX-16585002,408,14,Current,24612065,2214216,0,None,5/8/2026,Nigeria,4/24/2026 14:38
1854,TRX-52412717,754,12,Domiciliary,4178697,1375227,754111,Bonds,6/16/2025,United States,3/24/2026 15:54
1855,TRX-95622107,251,17,Domiciliary,26380000,4456925,0,Mutual Fund,3/14/2025,Nigeria,4/20/2026 9:25
1856,TRX-82720744,223,16,Domiciliary,25103748,136816,1743228,Mutual Fund,1/5/2026,Nigeria,3/13/2026 12:24
1857,TRX-61503323,499,3,Current,24570886,4525536,0,Bonds,1/11/2025,United States,6/23/2026 21:53
1858,TRX-00320713,83,16,Domiciliary,31480825,3101450,0,Fixed Deposit,9/16/2025,Nigeria,3/4/2026 9:06
1859,TRX-49082703,113,7,Domiciliary,36835541,2418558,0,None,6/16/2025,Nigeria,12/2/2025 0:24
1860,TRX-40099005,750,4,Fixed Deposit,49708094,1809831,742944,Fixed Deposit,5/21/2025,Nigeria,4/22/2026 23:02
1861,TRX-25216555,699,2,Domiciliary,47433017,2943445,0,Treasury Bills,4/12/2025,Nigeria,10/18/2025 20:47
1862,TRX-15202864,281,13,Savings,20763909,2684673,729899,Fixed Deposit,6/8/2025,United States,11/23/2025 16:13
1863,TRX-31192550,363,14,Domiciliary,25015664,728903,342205,Fixed Deposit,2/17/2025,Nigeria,8/9/2026 2:00
1864,TRX-07680562,287,14,Current,49768199,4734648,0,Bonds,5/10/2026,Nigeria,8/29/2025 6:42
1865,TRX-47519819,127,2,Savings,16304354,1888706,468715,Bonds,3/16/2026,Nigeria,7/9/2026 22:08
1866,TRX-39256609,473,17,Domiciliary,25699435,1459896,970320,Treasury Bills,3/23/2025,Nigeria,4/16/2026 23:28
1867,TRX-96309004,594,2,Savings,40489273,486563,0,None,12/26/2025,Ireland,3/24/2026 19:19
1868,TRX-97206035,758,11,Savings,43779651,3071452,358017,Mutual Fund,5/23/2026,Nigeria,3/6/2026 5:54
1869,TRX-97079356,14,2,Fixed Deposit,38485900,2432221,1855350,Fixed Deposit,7/15/2025,Nigeria,1/16/2026 15:22
1870,TRX-29069974,737,14,Domiciliary,11534736,2820675,11362,Bonds,11/7/2025,United States,5/12/2026 8:25
1871,TRX-15443948,197,3,Fixed Deposit,37061552,4765603,936329,Treasury Bills,8/3/2025,Nigeria,3/2/2026 10:19
1872,TRX-07807669,450,1,Savings,12251632,2036649,0,None,7/29/2026,United States,12/17/2025 18:01
1873,TRX-77146970,605,4,Current,45282960,4780767,892759,Mutual Fund,7/3/2026,Nigeria,6/29/2026 13:57
1874,TRX-25967030,308,10,Savings,10529214,3019625,1614291,Bonds,1/11/2026,Nigeria,6/7/2026 4:57
1875,TRX-01919185,751,7,Savings,43138526,1204389,1928753,Bonds,11/20/2025,Ireland,2/7/2026 19:38
1876,TRX-30806076,568,17,Fixed Deposit,18817721,463253,0,Fixed Deposit,5/30/2025,Nigeria,7/21/2026 9:43
1877,TRX-08310947,127,2,Current,3712688,3295284,353075,Fixed Deposit,1/12/2025,Nigeria,11/12/2025 22:12
1878,TRX-90276347,395,8,Savings,21332024,1182567,0,None,2/9/2025,United States,2/15/2026 1:47
1879,TRX-68910716,299,11,Current,16688357,196933,0,Fixed Deposit,3/23/2026,United States,5/23/2026 3:27
1880,TRX-29727408,369,5,Fixed Deposit,25895896,4843293,1236537,Mutual Fund,7/19/2026,Nigeria,7/10/2026 3:50
1881,TRX-63170359,558,13,Domiciliary,34846920,3109360,0,Fixed Deposit,5/12/2026,Ireland,1/26/2026 16:05
1882,TRX-98077679,37,16,Domiciliary,16048138,2390,23086,Bonds,8/25/2025,United States,7/16/2026 2:28
1883,TRX-77646313,649,3,Current,47447044,4684691,0,Treasury Bills,12/13/2025,United States,10/9/2025 7:35
1884,TRX-99228046,23,8,Fixed Deposit,17198432,1951382,25406,None,3/2/2026,Nigeria,8/7/2026 14:51
1885,TRX-51466097,89,6,Savings,11544752,2379844,570858,Fixed Deposit,7/14/2026,Nigeria,1/22/2026 10:35
1886,TRX-81865706,744,1,Current,20776510,4030650,0,Fixed Deposit,12/14/2025,Nigeria,2/21/2026 3:19
1887,TRX-82331264,42,18,Fixed Deposit,19157634,3273487,681472,None,8/27/2025,Nigeria,8/17/2025 8:05
1888,TRX-16243430,717,2,Savings,40760312,4888640,0,None,5/27/2025,Nigeria,7/14/2026 10:05
1889,TRX-88421717,240,8,Savings,17385757,2208278,675473,Fixed Deposit,3/18/2026,Nigeria,7/5/2026 19:12
1890,TRX-08127667,563,17,Domiciliary,38524657,4769836,0,Bonds,6/23/2026,Nigeria,5/13/2026 3:15
1891,TRX-74595162,681,16,Fixed Deposit,28742141,1425659,0,Treasury Bills,7/10/2026,Nigeria,7/29/2026 18:42
1892,TRX-00943307,557,1,Domiciliary,20738714,3501922,0,Mutual Fund,4/12/2025,Nigeria,2/28/2026 7:36
1893,TRX-54176496,604,7,Domiciliary,18601917,1896298,0,Bonds,4/8/2025,Nigeria,8/6/2026 10:02
1894,TRX-24494401,433,6,Savings,26539490,940269,0,None,10/2/2025,Nigeria,8/2/2026 17:33
1895,TRX-44652042,42,18,Current,29881830,422855,631114,Bonds,7/8/2025,Ireland,5/27/2026 1:55
1896,TRX-62013896,527,10,Fixed Deposit,32768344,4807487,714784,None,3/6/2025,Nigeria,5/10/2026 15:20
1897,TRX-04299806,546,16,Current,37335772,1838375,0,Bonds,6/8/2025,Ireland,11/3/2025 5:06
1898,TRX-33522715,245,13,Domiciliary,48562105,1570663,0,Treasury Bills,4/20/2025,Nigeria,5/26/2026 16:58
1899,TRX-35595462,37,16,Domiciliary,43977656,2908934,0,Treasury Bills,10/4/2025,Nigeria,1/31/2026 5:39
1900,TRX-91797854,269,4,Domiciliary,45819080,6394,450787,Treasury Bills,7/16/2026,United States,9/7/2025 0:34
1901,TRX-67576992,47,13,Fixed Deposit,33554208,4988139,1773986,Bonds,7/16/2026,Nigeria,1/9/2026 6:58
1902,TRX-97689876,682,18,Savings,36870970,976585,159954,Bonds,5/10/2025,Nigeria,11/22/2025 22:17
1903,TRX-65120357,533,1,Current,39944859,3958187,1618468,Fixed Deposit,7/31/2026,Nigeria,7/27/2026 13:09
1904,TRX-63799399,354,15,Savings,43056629,3179906,862132,None,6/18/2025,Nigeria,3/30/2026 2:39
1905,TRX-35086417,383,16,Current,29151538,3495218,498092,None,3/27/2025,United States,8/7/2026 3:51
1906,TRX-13584981,486,15,Domiciliary,390101,1460766,0,Fixed Deposit,9/23/2025,United States,7/24/2026 15:57
1907,TRX-56656384,181,17,Domiciliary,17236790,3571203,0,Mutual Fund,4/5/2025,Nigeria,6/3/2026 15:42
1908,TRX-21139205,582,13,Current,45332092,3772204,0,None,7/26/2025,Nigeria,3/23/2026 4:48
1909,TRX-31101233,253,5,Savings,44798247,180289,184606,Treasury Bills,12/28/2025,Nigeria,12/8/2025 12:51
1910,TRX-33052534,710,15,Domiciliary,31785925,4591343,1438833,Treasury Bills,4/18/2026,Nigeria,9/27/2025 22:57
1911,TRX-87162079,738,17,Fixed Deposit,39059925,3429342,1547904,Treasury Bills,2/3/2025,Nigeria,9/26/2025 6:08
1912,TRX-82231485,322,17,Current,47461432,2174919,0,Bonds,4/28/2026,Nigeria,12/23/2025 6:31
1913,TRX-95515464,221,13,Domiciliary,48394654,66268,1239183,None,7/9/2026,United States,10/26/2025 6:20
1914,TRX-03373383,690,11,Savings,1356260,4017458,82676,Treasury Bills,5/9/2025,Nigeria,11/22/2025 16:43
1915,TRX-36837801,48,7,Savings,4547746,2964770,0,Fixed Deposit,8/16/2025,Nigeria,5/18/2026 8:57
1916,TRX-88453600,123,4,Fixed Deposit,36188122,4764611,0,Mutual Fund,7/16/2025,Nigeria,9/12/2025 3:26
1917,TRX-18479145,686,11,Domiciliary,25205003,3235649,0,Treasury Bills,5/29/2026,United States,1/21/2026 7:36
1918,TRX-77225620,538,5,Domiciliary,38736096,1732686,0,Bonds,1/3/2025,Ireland,12/1/2025 2:07
1919,TRX-71335754,651,15,Fixed Deposit,32436115,4033286,0,Treasury Bills,5/24/2025,Nigeria,12/21/2025 8:02
1920,TRX-51948610,348,10,Fixed Deposit,37427992,4328345,0,Bonds,7/2/2026,United States,8/22/2025 23:33
1921,TRX-94549122,286,15,Fixed Deposit,21726693,4167367,1197699,Treasury Bills,3/7/2025,Nigeria,10/11/2025 6:58
1922,TRX-77772494,68,17,Current,437129,2542950,534844,Treasury Bills,11/23/2025,United States,7/25/2026 0:30
1923,TRX-78904024,83,16,Fixed Deposit,10695183,881781,0,Bonds,1/28/2026,Nigeria,11/26/2025 2:31
1924,TRX-73140905,537,3,Savings,40947179,4381706,864353,None,2/28/2025,Ireland,5/13/2026 21:53
1925,TRX-18184941,193,11,Fixed Deposit,47396710,918244,1701675,Treasury Bills,4/9/2025,Nigeria,5/18/2026 12:03
1926,TRX-65977907,776,1,Current,36924146,4176911,0,Mutual Fund,4/30/2025,United States,8/9/2026 13:40
1927,TRX-33926435,142,3,Domiciliary,22789041,4320802,536777,Treasury Bills,1/28/2026,Ireland,12/26/2025 15:23
1928,TRX-19424305,50,1,Savings,14528013,3875378,879133,Bonds,3/6/2025,United States,6/3/2026 19:06
1929,TRX-89473585,720,10,Domiciliary,44916654,4192646,638167,Bonds,2/8/2026,Nigeria,3/2/2026 19:34
1930,TRX-05460805,429,1,Fixed Deposit,47208976,2339208,338062,None,1/20/2026,United States,7/26/2026 3:46
1931,TRX-81077304,66,3,Current,44017473,1856999,0,Fixed Deposit,3/27/2025,Nigeria,7/28/2026 19:32
1932,TRX-26561661,567,9,Domiciliary,45849202,479840,1189726,Mutual Fund,7/2/2025,Nigeria,8/1/2026 3:27
1933,TRX-90902392,618,16,Savings,39687857,3234747,0,Fixed Deposit,5/11/2026,Nigeria,4/26/2026 17:21
1934,TRX-20811888,87,2,Fixed Deposit,17781077,4235257,0,None,4/6/2025,Nigeria,9/27/2025 22:30
1935,TRX-13671606,8,1,Fixed Deposit,3771091,3513513,0,Mutual Fund,5/6/2026,Nigeria,10/31/2025 9:01
1936,TRX-55082716,508,17,Current,49507588,3542681,0,Mutual Fund,11/26/2025,Ireland,8/10/2026 4:01
1937,TRX-29025755,735,9,Domiciliary,30736142,2274972,1902953,Bonds,3/23/2026,Nigeria,12/20/2025 21:54
1938,TRX-55309076,328,11,Fixed Deposit,21947341,688255,0,Treasury Bills,6/21/2026,Nigeria,4/15/2026 7:58
1939,TRX-28356279,687,1,Current,17278945,3829137,1183653,Bonds,2/3/2025,United States,5/29/2026 3:00
1940,TRX-11097620,183,11,Savings,36610792,2526276,0,Fixed Deposit,12/16/2025,Nigeria,4/30/2026 6:00
1941,TRX-27687237,345,13,Savings,48601752,1810037,0,Mutual Fund,1/7/2025,Nigeria,1/18/2026 3:36
1942,TRX-75368844,785,17,Domiciliary,4745503,16072,1981886,Treasury Bills,11/29/2025,Nigeria,11/1/2025 23:58
1943,TRX-09319118,1,12,Fixed Deposit,24855379,2690330,0,None,6/19/2026,Nigeria,12/28/2025 11:01
1944,TRX-30734248,345,13,Savings,5540427,2492318,737093,Treasury Bills,9/18/2025,Nigeria,2/20/2026 12:01
1945,TRX-44144439,171,3,Current,36648053,2085589,0,Mutual Fund,6/21/2026,Nigeria,2/16/2026 11:51
1946,TRX-11106157,243,13,Domiciliary,12212217,381488,1228317,Bonds,1/31/2026,Nigeria,5/15/2026 16:18
1947,TRX-13125355,663,12,Domiciliary,25517272,910097,0,Treasury Bills,3/10/2025,Nigeria,10/24/2025 22:02
1948,TRX-25638428,161,8,Current,27196851,270459,1685033,Mutual Fund,8/12/2025,United States,11/1/2025 10:13
1949,TRX-22327426,496,4,Savings,10064562,3775300,0,Mutual Fund,12/22/2025,Nigeria,5/16/2026 7:42
1950,TRX-60032753,282,14,Fixed Deposit,27677167,4589386,95513,None,3/10/2025,Nigeria,2/9/2026 15:00
1951,TRX-93588200,487,16,Fixed Deposit,18848461,4873289,0,None,9/5/2025,Nigeria,6/14/2026 16:28
1952,TRX-01395801,608,16,Current,19775401,3518607,0,Bonds,5/9/2025,Nigeria,8/31/2025 3:10
1953,TRX-00444496,181,17,Fixed Deposit,1467183,1383524,561106,Mutual Fund,2/9/2026,Nigeria,1/9/2026 11:25
1954,TRX-23828841,740,15,Domiciliary,48299897,3347918,0,Fixed Deposit,2/5/2025,Nigeria,5/16/2026 20:58
1955,TRX-22419887,656,2,Fixed Deposit,11228109,414891,1990905,Treasury Bills,4/23/2025,Nigeria,3/12/2026 5:26
1956,TRX-99523184,29,9,Savings,9439190,3035802,439462,Bonds,11/17/2025,Nigeria,4/14/2026 23:43
1957,TRX-93095167,130,7,Current,37652606,2654987,1089285,Mutual Fund,9/3/2025,United States,9/6/2025 4:51
1958,TRX-58078853,22,11,Domiciliary,46798470,330794,0,Fixed Deposit,6/23/2025,Nigeria,2/25/2026 12:54
1959,TRX-67332588,555,4,Current,44157303,1768296,0,None,7/18/2025,Nigeria,5/3/2026 5:21
1960,TRX-36339666,403,17,Domiciliary,38794182,767531,0,Fixed Deposit,10/24/2025,Nigeria,9/30/2025 12:12
1961,TRX-87237353,782,12,Savings,20941392,2510273,0,Fixed Deposit,12/9/2025,Nigeria,10/1/2025 14:55
1962,TRX-80927665,455,10,Domiciliary,12090166,1933392,997950,Mutual Fund,3/23/2025,Nigeria,2/2/2026 5:27
1963,TRX-20485062,323,12,Fixed Deposit,34399215,4323195,329301,Fixed Deposit,12/14/2025,Nigeria,5/20/2026 23:31
1964,TRX-23470132,795,14,Fixed Deposit,188109,702368,0,Mutual Fund,3/20/2026,Nigeria,11/11/2025 11:57
1965,TRX-35466425,569,14,Savings,46603703,3684424,283080,Mutual Fund,2/11/2026,Nigeria,10/16/2025 19:00
1966,TRX-57939488,399,3,Savings,44630990,4972118,525658,Fixed Deposit,8/10/2025,Nigeria,7/4/2026 3:59
1967,TRX-65675229,513,8,Fixed Deposit,4101254,4486330,75506,None,4/8/2026,Nigeria,3/9/2026 16:58
1968,TRX-08876265,317,10,Savings,24402908,386279,1027448,Treasury Bills,7/12/2026,Nigeria,12/10/2025 23:24
1969,TRX-30680212,71,12,Savings,45440828,4304418,1115512,Mutual Fund,10/7/2025,Nigeria,4/2/2026 3:40
1970,TRX-62240783,773,4,Fixed Deposit,45260950,2538749,0,Bonds,9/2/2025,Nigeria,3/19/2026 18:00
1971,TRX-71531356,270,7,Domiciliary,49261904,3102808,0,Fixed Deposit,7/18/2025,Ireland,1/9/2026 6:28
1972,TRX-53950821,508,17,Savings,5090046,4039063,0,None,3/4/2026,Nigeria,11/8/2025 14:24
1973,TRX-10305176,90,9,Domiciliary,31276279,4492548,1836174,Fixed Deposit,7/15/2026,Nigeria,3/1/2026 10:08
1974,TRX-59171209,555,4,Current,27932734,1522891,923896,Treasury Bills,8/12/2025,United States,12/29/2025 10:26
1975,TRX-47203160,795,14,Domiciliary,32541609,1002649,0,Treasury Bills,5/14/2026,Ireland,8/26/2025 5:32
1976,TRX-30936971,571,2,Savings,23901314,2568159,0,Fixed Deposit,2/22/2025,Nigeria,2/8/2026 13:03
1977,TRX-43750123,121,18,Domiciliary,48794180,3132582,0,Fixed Deposit,3/30/2026,Nigeria,11/29/2025 8:07
1978,TRX-64114572,116,1,Fixed Deposit,1758327,1457538,0,Bonds,4/23/2026,Nigeria,9/18/2025 16:35
1979,TRX-40364528,731,6,Fixed Deposit,11845988,1866810,0,Bonds,7/22/2026,United States,10/5/2025 10:25
1980,TRX-11667460,43,17,Savings,2593257,4341361,1865275,None,3/1/2026,Nigeria,7/6/2026 7:42
1981,TRX-38222067,478,10,Fixed Deposit,43053242,426754,1402666,Bonds,2/21/2025,United States,12/2/2025 7:56
1982,TRX-50280453,40,14,Current,41027095,3282284,0,Mutual Fund,5/12/2026,Nigeria,9/23/2025 16:50
1983,TRX-41196169,26,8,Fixed Deposit,34625867,3603378,228020,Mutual Fund,6/21/2025,United States,5/23/2026 9:18
1984,TRX-86708825,553,13,Fixed Deposit,19823142,2365955,0,Treasury Bills,11/1/2025,Nigeria,6/24/2026 12:32
1985,TRX-61107461,290,14,Domiciliary,46240205,739128,1111913,Bonds,4/1/2026,Nigeria,4/13/2026 0:24
1986,TRX-12571012,793,14,Savings,35637067,2677295,108225,Fixed Deposit,7/23/2025,Nigeria,12/4/2025 22:16
1987,TRX-08384222,435,10,Fixed Deposit,49923907,3908889,0,None,11/23/2025,Nigeria,12/20/2025 12:12
1988,TRX-52294064,534,3,Fixed Deposit,2114596,659079,1311668,None,9/27/2025,Nigeria,8/23/2025 0:30
1989,TRX-20501528,439,17,Savings,6865997,514670,0,Fixed Deposit,6/5/2025,United States,1/26/2026 6:24
1990,TRX-78476964,59,2,Domiciliary,11356066,1591351,654124,Treasury Bills,4/9/2025,Nigeria,7/7/2026 16:04
1991,TRX-24837096,199,9,Domiciliary,11309833,1915210,0,Treasury Bills,8/20/2025,Nigeria,12/10/2025 21:09
1992,TRX-99381981,565,2,Fixed Deposit,18023654,3186830,115216,Bonds,5/6/2026,Nigeria,7/17/2026 22:35
1993,TRX-59473557,140,13,Savings,43498694,2214703,453914,Fixed Deposit,2/13/2025,United States,7/22/2026 8:30
1994,TRX-52276835,297,9,Domiciliary,15352871,4663711,1761630,Mutual Fund,4/30/2026,Nigeria,10/29/2025 2:12
1995,TRX-83435689,766,17,Fixed Deposit,3077953,2514635,1803175,Fixed Deposit,8/20/2025,Nigeria,11/17/2025 6:14
1996,TRX-76114218,678,9,Domiciliary,33055973,2477718,381211,Treasury Bills,1/10/2026,Nigeria,12/5/2025 12:50
1997,TRX-52856298,264,8,Current,24093913,1592303,0,Fixed Deposit,1/1/2025,Nigeria,5/15/2026 21:06
1998,TRX-44767977,743,16,Fixed Deposit,25591604,1878066,910216,Mutual Fund,10/25/2025,Nigeria,1/9/2026 17:37
1999,TRX-43413147,90,9,Current,4128282,359102,1118224,None,9/23/2025,United States,7/16/2026 15:04
2000,TRX-48667495,85,17,Savings,20306845,117881,0,None,5/11/2026,Nigeria,2/2/2026 1:27
2001,TRX-26362581,360,14,Savings,10745796,4009229,0,Fixed Deposit,1/18/2026,Nigeria,3/4/2026 13:24
2002,TRX-11099122,459,5,Savings,11001640,4573358,236592,Fixed Deposit,4/17/2026,United States,10/30/2025 6:59
2003,TRX-76372728,500,9,Savings,36655893,876012,0,Bonds,6/22/2025,Nigeria,9/1/2025 5:24
2004,TRX-18447246,439,17,Fixed Deposit,49712945,3885740,86218,Bonds,1/10/2025,United States,4/9/2026 13:21
2005,TRX-64393662,145,8,Savings,28643702,1656522,1058436,Mutual Fund,5/7/2026,United States,1/22/2026 20:44
2006,TRX-87676035,457,12,Savings,13981210,888393,0,None,12/20/2025,Nigeria,6/1/2026 13:40
2007,TRX-06081267,465,1,Current,20552001,2240563,1240379,None,3/29/2025,Ireland,5/21/2026 16:19
2008,TRX-87408667,85,17,Domiciliary,4876406,3540326,1474076,Treasury Bills,4/14/2025,Nigeria,3/5/2026 6:31
2009,TRX-05608203,528,3,Current,49276891,3157513,0,None,6/5/2026,Ireland,8/20/2025 1:57
2010,TRX-71493623,199,9,Current,21102567,1475284,66839,Bonds,4/26/2026,Nigeria,6/2/2026 8:21
2011,TRX-00382204,202,6,Current,24726073,2108001,0,Treasury Bills,5/22/2026,Nigeria,3/8/2026 7:26
2012,TRX-23515605,755,6,Savings,28352581,3021042,0,Mutual Fund,6/24/2025,United States,11/8/2025 15:34
2013,TRX-00008778,598,11,Fixed Deposit,5254104,4862531,738446,Bonds,10/11/2025,United States,6/5/2026 9:40
2014,TRX-16828365,372,13,Current,40843985,790887,7725,Mutual Fund,4/24/2025,Nigeria,3/26/2026 9:33
2015,TRX-73462918,719,9,Savings,32879819,1010391,0,Mutual Fund,4/21/2026,Ireland,12/10/2025 6:08
2016,TRX-84624002,98,3,Savings,7166207,4208870,1602714,Mutual Fund,7/30/2025,United States,10/10/2025 1:24
2017,TRX-39066153,578,6,Current,28536990,931742,1922918,None,2/16/2025,Nigeria,8/2/2026 12:36
2018,TRX-80678299,402,12,Domiciliary,9684688,4450547,0,Treasury Bills,11/2/2025,Nigeria,7/13/2026 20:16
2019,TRX-52236196,93,2,Current,11577207,1504878,85027,None,5/12/2026,Nigeria,10/9/2025 8:08
2020,TRX-26937250,216,12,Fixed Deposit,6106487,3813090,1004788,Fixed Deposit,2/1/2025,Nigeria,10/28/2025 9:21
2021,TRX-42558225,362,6,Current,2939211,104382,0,Treasury Bills,10/14/2025,Ireland,11/24/2025 21:05
2022,TRX-09655387,275,1,Fixed Deposit,45188059,2746607,184965,None,1/22/2025,Nigeria,12/27/2025 6:14
2023,TRX-48826249,38,3,Current,12055153,844867,801950,Bonds,2/21/2025,Nigeria,6/2/2026 5:20
2024,TRX-16704039,785,17,Domiciliary,45063697,2121720,0,Bonds,8/20/2025,Nigeria,12/11/2025 23:08
2025,TRX-43266035,483,13,Current,32597743,3741986,1374500,None,11/23/2025,Nigeria,11/5/2025 10:35
2026,TRX-68314392,744,1,Current,37274161,4677677,0,None,5/13/2026,Ireland,7/5/2026 4:48
2027,TRX-21638209,635,7,Domiciliary,20596636,718106,0,None,6/24/2025,Nigeria,10/26/2025 2:34
2028,TRX-25088700,747,3,Current,23485078,4012720,0,None,4/18/2026,Nigeria,6/19/2026 3:11
2029,TRX-33703381,326,13,Domiciliary,13751695,4788639,0,Fixed Deposit,9/2/2025,Nigeria,1/19/2026 16:03
2030,TRX-43079658,580,4,Domiciliary,40512029,2515315,1058023,None,1/15/2025,Nigeria,12/20/2025 16:56
2031,TRX-95746617,781,14,Fixed Deposit,4873955,76445,823758,Treasury Bills,4/7/2026,Nigeria,5/20/2026 5:08
2032,TRX-00241156,222,3,Current,48958792,3845947,1901580,Treasury Bills,11/7/2025,Nigeria,2/18/2026 23:25
2033,TRX-06091018,635,7,Current,36582442,929230,0,Mutual Fund,9/6/2025,Ireland,10/18/2025 21:19
2034,TRX-14704288,756,5,Savings,2630211,1870538,211283,Fixed Deposit,3/23/2025,Nigeria,10/12/2025 15:59
2035,TRX-97760881,601,4,Savings,8209613,500270,0,Bonds,4/26/2026,Nigeria,1/22/2026 4:45
2036,TRX-93720986,206,11,Savings,31433957,1838569,282325,Bonds,3/6/2025,Nigeria,3/28/2026 20:42
2037,TRX-80117831,234,3,Savings,30963052,2722711,917419,None,11/30/2025,Nigeria,3/3/2026 17:59
2038,TRX-16674785,340,11,Domiciliary,49663995,3737240,0,Treasury Bills,3/8/2026,Nigeria,7/30/2026 6:31
2039,TRX-35865885,524,12,Fixed Deposit,15297803,4629735,1442639,None,1/3/2025,United States,1/2/2026 5:33
2040,TRX-97656662,146,18,Current,39751651,164197,0,None,1/21/2026,United States,10/24/2025 5:29
2041,TRX-93098832,610,13,Domiciliary,27943221,2182919,0,None,11/2/2025,Nigeria,10/15/2025 0:42
2042,TRX-48236979,703,6,Current,38548584,2821805,0,Bonds,1/22/2025,Nigeria,11/1/2025 8:32
2043,TRX-55149119,243,13,Savings,40763028,4718639,1579549,Fixed Deposit,4/4/2026,Nigeria,11/1/2025 5:45
2044,TRX-92250259,103,15,Current,19227406,881206,0,None,9/28/2025,United States,12/9/2025 16:00
2045,TRX-99106410,355,12,Domiciliary,5335415,435132,845658,Mutual Fund,7/12/2026,Ireland,9/11/2025 2:41
2046,TRX-64556161,94,10,Current,8030706,4694403,0,None,4/2/2025,Nigeria,7/29/2026 3:34
2047,TRX-16720312,734,5,Savings,3637683,233495,1614216,Fixed Deposit,1/14/2026,Nigeria,5/16/2026 8:39
2048,TRX-62087853,207,3,Savings,12526658,2111154,817365,Bonds,4/27/2025,Nigeria,2/11/2026 19:54
2049,TRX-58249643,292,13,Fixed Deposit,48487559,4897441,0,None,3/26/2025,Ireland,3/19/2026 5:48
2050,TRX-24168136,630,16,Domiciliary,46482740,865904,0,None,2/10/2025,Nigeria,5/5/2026 1:58
2051,TRX-51047031,263,1,Domiciliary,43733476,3797484,50523,Treasury Bills,2/6/2025,Ireland,12/19/2025 8:50
2052,TRX-11600625,599,14,Savings,35572961,2544460,0,Mutual Fund,9/13/2025,Nigeria,2/14/2026 18:53
2053,TRX-99472571,334,17,Fixed Deposit,33413965,941404,0,Mutual Fund,6/5/2025,Nigeria,3/9/2026 18:15
2054,TRX-54622590,315,7,Savings,11834511,2100783,0,Fixed Deposit,7/12/2025,United States,5/26/2026 12:25
2055,TRX-09727129,598,11,Current,45748009,2179425,0,None,4/13/2025,United States,1/3/2026 11:38
2056,TRX-49231641,525,13,Current,13400454,1139477,663035,Fixed Deposit,8/28/2025,Nigeria,5/30/2026 11:23
2057,TRX-86621287,438,3,Fixed Deposit,26486633,4607060,579630,Fixed Deposit,5/7/2025,Ireland,11/30/2025 4:31
2058,TRX-40972104,415,18,Current,29118989,4284547,0,None,10/18/2025,Nigeria,11/22/2025 9:38
2059,TRX-83616841,397,12,Fixed Deposit,45465736,4317187,0,Fixed Deposit,1/1/2026,Nigeria,3/8/2026 9:10
2060,TRX-46053754,35,6,Current,42942949,2908404,1413373,Mutual Fund,7/25/2025,Nigeria,10/7/2025 23:16
2061,TRX-70148122,799,7,Savings,32234431,1569410,723899,Mutual Fund,6/13/2026,Ireland,7/22/2026 1:03
2062,TRX-40286260,491,12,Domiciliary,6864270,2716535,0,Mutual Fund,3/9/2025,Ireland,6/7/2026 13:19
2063,TRX-04081774,19,13,Current,48140334,3432069,1262116,None,4/29/2026,Nigeria,2/8/2026 4:18
2064,TRX-57844749,772,2,Domiciliary,31733770,2035314,1780311,Fixed Deposit,4/20/2026,Nigeria,8/9/2026 14:08
2065,TRX-45724669,640,2,Savings,13794979,2377848,0,Bonds,10/4/2025,United States,5/16/2026 20:08
2066,TRX-55201065,503,13,Fixed Deposit,48092485,2613760,734514,Mutual Fund,6/20/2025,Nigeria,1/9/2026 22:04
2067,TRX-08704053,560,17,Savings,46265622,661510,0,Bonds,6/15/2026,United States,6/23/2026 18:39
2068,TRX-35577835,74,3,Savings,37410401,4913571,0,Mutual Fund,7/20/2026,United States,11/15/2025 11:40
2069,TRX-91652567,56,5,Domiciliary,12502450,986611,1158681,Mutual Fund,6/9/2026,Nigeria,8/18/2025 9:06
2070,TRX-67933052,670,18,Current,1023975,32557,0,None,12/24/2025,Nigeria,1/25/2026 9:10
2071,TRX-37935236,526,4,Current,10181875,4361332,690299,None,1/31/2026,Nigeria,3/4/2026 7:26
2072,TRX-02954514,493,13,Savings,24753381,797168,497117,Treasury Bills,12/4/2025,Nigeria,6/5/2026 17:19
2073,TRX-63721518,112,13,Current,3264079,1053766,0,Mutual Fund,3/29/2026,Nigeria,12/29/2025 23:58
2074,TRX-27300674,431,8,Savings,32226594,1678744,0,Mutual Fund,8/27/2025,Nigeria,3/19/2026 22:35
2075,TRX-21902081,179,5,Current,11430655,3313933,1572476,Bonds,2/21/2026,United States,6/22/2026 20:00
2076,TRX-33863931,239,13,Current,3586855,4186043,28943,None,7/5/2025,Nigeria,4/25/2026 17:56
2077,TRX-62625507,645,4,Current,27490749,2175677,0,Bonds,8/1/2025,Nigeria,10/24/2025 9:43
2078,TRX-33444559,392,12,Domiciliary,49430661,1730883,0,None,3/25/2026,Nigeria,7/26/2026 3:02
2079,TRX-26040637,635,7,Savings,47492818,2453666,1499469,None,8/3/2025,United States,12/25/2025 2:56
2080,TRX-87582059,60,6,Savings,5749029,224893,0,Treasury Bills,3/2/2026,Nigeria,10/8/2025 5:30
2081,TRX-97078818,530,10,Fixed Deposit,10889525,2928257,25933,Treasury Bills,12/26/2025,United States,6/30/2026 18:28
2082,TRX-09379425,253,5,Fixed Deposit,12371494,3694162,0,Bonds,8/25/2025,Nigeria,5/11/2026 3:15
2083,TRX-49916096,739,14,Domiciliary,39538923,4355680,0,Treasury Bills,10/1/2025,United States,2/8/2026 12:10
2084,TRX-81860904,714,15,Savings,37489338,762108,0,Treasury Bills,3/4/2025,Nigeria,5/16/2026 23:55
2085,TRX-47196404,62,8,Savings,13435352,579021,1582764,None,2/7/2025,Nigeria,1/2/2026 8:41
2086,TRX-79744443,107,12,Current,34864605,186166,1932943,None,4/5/2026,United States,10/18/2025 7:30
2087,TRX-28397550,711,11,Savings,1794567,697360,67444,Mutual Fund,8/25/2025,United States,1/27/2026 0:57
2088,TRX-31414504,128,1,Current,31796191,2954375,1623157,Treasury Bills,7/31/2025,Nigeria,10/31/2025 2:13
2089,TRX-72013365,692,17,Domiciliary,39883584,2871952,0,Treasury Bills,6/7/2025,Nigeria,3/24/2026 11:04
2090,TRX-27876684,465,1,Domiciliary,12593181,1761227,0,Treasury Bills,4/1/2025,Nigeria,11/7/2025 0:05
2091,TRX-04206711,263,1,Fixed Deposit,26049973,659812,1360711,Mutual Fund,6/7/2026,Nigeria,8/5/2026 19:37
2092,TRX-55043015,712,4,Savings,20844965,4602818,0,Bonds,3/27/2025,United States,1/29/2026 1:48
2093,TRX-96065531,204,13,Current,23536906,3308210,0,Treasury Bills,5/30/2025,Nigeria,10/12/2025 15:09
2094,TRX-43771293,244,16,Savings,23571819,2084487,1314275,Mutual Fund,9/29/2025,Ireland,12/30/2025 23:43
2095,TRX-38658847,419,5,Current,34638744,3941274,0,Treasury Bills,4/14/2026,Nigeria,3/4/2026 10:04
2096,TRX-36922575,331,5,Current,22696392,46642,0,None,10/26/2025,Nigeria,8/9/2026 9:21
2097,TRX-38543690,140,13,Fixed Deposit,24031734,3869195,543883,Fixed Deposit,5/21/2025,Nigeria,2/5/2026 10:19
2098,TRX-13922128,13,17,Fixed Deposit,46302270,2166030,105891,Mutual Fund,9/24/2025,Nigeria,3/14/2026 16:10
2099,TRX-92639815,636,14,Current,10546851,4892672,992703,Mutual Fund,11/25/2025,Nigeria,12/19/2025 9:34
2100,TRX-83254513,462,3,Fixed Deposit,14545791,3900033,937015,Fixed Deposit,6/12/2026,Nigeria,4/19/2026 15:07
2101,TRX-40791777,695,1,Savings,43247583,2868784,16249,Treasury Bills,5/13/2026,Nigeria,11/7/2025 22:03
2102,TRX-39658976,691,14,Fixed Deposit,7894685,3666101,1343146,Bonds,11/14/2025,Nigeria,8/25/2025 5:54
2103,TRX-39389968,126,5,Fixed Deposit,27363554,2234161,775122,Treasury Bills,4/14/2026,Nigeria,2/18/2026 11:47
2104,TRX-40312466,75,17,Domiciliary,41320655,2553109,479702,Treasury Bills,5/8/2025,United States,2/15/2026 10:54
2105,TRX-37938169,545,6,Fixed Deposit,19779246,1594540,1284455,Mutual Fund,3/8/2025,Nigeria,8/4/2026 14:10
2106,TRX-03090912,215,18,Savings,23269458,3072665,1308833,None,6/16/2025,Nigeria,5/15/2026 3:28
2107,TRX-64361511,687,1,Fixed Deposit,11246520,1216390,0,None,8/23/2025,Nigeria,4/4/2026 19:59
2108,TRX-77438029,267,10,Domiciliary,37311586,4311694,0,None,5/3/2026,United States,2/13/2026 1:54
2109,TRX-45399901,398,17,Fixed Deposit,13044406,292541,1441565,Treasury Bills,2/16/2026,United States,11/7/2025 7:10
2110,TRX-33381351,133,9,Savings,15335898,4821015,245536,None,3/26/2026,United States,1/22/2026 7:17
2111,TRX-05477044,373,10,Savings,2949957,2287164,0,None,6/8/2025,Nigeria,12/17/2025 7:17
2112,TRX-47943599,638,9,Domiciliary,46680987,24805,0,None,4/16/2025,Nigeria,7/14/2026 6:40
2113,TRX-98295204,245,13,Savings,36248694,3063742,1856867,Mutual Fund,6/17/2026,Nigeria,1/27/2026 0:57
2114,TRX-72894373,398,17,Fixed Deposit,22259930,3456905,0,Fixed Deposit,12/20/2025,Nigeria,2/10/2026 20:44
2115,TRX-55721425,664,4,Current,19433399,4748297,0,Fixed Deposit,6/5/2025,Nigeria,6/16/2026 14:51
2116,TRX-51994924,341,8,Fixed Deposit,23105284,3552610,1940189,Fixed Deposit,11/23/2025,United States,6/18/2026 17:13
2117,TRX-14453427,372,13,Domiciliary,25706570,3392845,0,None,5/6/2026,Nigeria,6/26/2026 13:08
2118,TRX-93135134,752,16,Domiciliary,16661336,4002073,1351676,None,3/29/2026,Nigeria,7/21/2026 16:58
2119,TRX-07881527,57,1,Domiciliary,43093358,552330,727446,None,2/6/2026,Nigeria,4/24/2026 15:51
2120,TRX-06591695,797,6,Fixed Deposit,37300482,3535541,0,Fixed Deposit,5/28/2026,Nigeria,4/23/2026 1:23
2121,TRX-30276106,301,17,Domiciliary,28057741,1168405,0,Mutual Fund,8/17/2025,Ireland,2/17/2026 9:20
2122,TRX-41967476,19,13,Fixed Deposit,587390,6719,938939,None,8/26/2025,Ireland,8/14/2026 6:15
2123,TRX-85025524,558,13,Fixed Deposit,44525662,1452809,0,Fixed Deposit,1/25/2026,Nigeria,11/18/2025 0:08
2124,TRX-54543570,799,7,Current,26029220,3418540,1880038,Bonds,3/4/2026,United States,2/6/2026 3:46
2125,TRX-52178155,368,17,Domiciliary,25282990,2759370,1886895,Bonds,6/6/2026,Nigeria,10/5/2025 15:32
2126,TRX-43792571,111,14,Domiciliary,17509263,2075385,0,Mutual Fund,2/1/2026,Nigeria,5/2/2026 1:35
2127,TRX-62172790,692,17,Domiciliary,38071787,80097,986592,None,4/14/2026,United States,10/4/2025 17:24
2128,TRX-91942743,291,13,Fixed Deposit,11532913,1358164,0,Bonds,12/18/2025,Ireland,9/9/2025 20:51
2129,TRX-50831090,133,9,Savings,20234383,3178616,0,None,11/5/2025,Nigeria,11/30/2025 18:07
2130,TRX-76178122,585,13,Fixed Deposit,25757509,2315556,1188704,Treasury Bills,9/25/2025,Nigeria,12/16/2025 23:27
2131,TRX-32277200,593,16,Current,42202621,2603683,0,None,6/8/2025,United States,1/2/2026 11:55
2132,TRX-71021885,798,17,Fixed Deposit,39901893,414664,988795,Fixed Deposit,5/14/2026,Nigeria,4/16/2026 12:57
2133,TRX-72689226,291,13,Domiciliary,31941733,288942,656362,Fixed Deposit,7/3/2026,United States,6/11/2026 4:23
2134,TRX-13983062,30,14,Current,4966198,3586657,1321995,Treasury Bills,8/1/2025,Nigeria,4/4/2026 20:07
2135,TRX-25325959,216,12,Current,31209952,918696,0,Bonds,5/18/2025,Nigeria,7/16/2026 5:42
2136,TRX-28776906,228,1,Domiciliary,565743,476470,1238195,Bonds,5/21/2026,Nigeria,2/25/2026 4:47
2137,TRX-85663576,589,3,Current,7013558,3588653,1342852,Treasury Bills,8/21/2025,Nigeria,4/17/2026 2:09
2138,TRX-89510690,502,2,Savings,48133571,2192243,0,Fixed Deposit,11/21/2025,United States,10/17/2025 20:25
2139,TRX-14685420,627,8,Savings,28493831,3588,1706745,Treasury Bills,8/17/2025,Nigeria,1/10/2026 2:31
2140,TRX-01101416,490,8,Savings,21947437,2686549,0,Mutual Fund,1/15/2025,Nigeria,7/20/2026 4:24
2141,TRX-43580956,577,12,Domiciliary,6229952,263900,559289,Bonds,7/24/2025,Nigeria,4/16/2026 13:19
2142,TRX-03276957,363,14,Domiciliary,3154930,4369475,891373,Treasury Bills,2/9/2025,Nigeria,9/1/2025 1:52
2143,TRX-98373272,136,17,Domiciliary,20637087,2495194,0,Fixed Deposit,5/4/2025,Nigeria,4/22/2026 17:45
2144,TRX-53332570,721,16,Domiciliary,19916113,604907,0,Mutual Fund,2/21/2026,Nigeria,4/13/2026 20:43
2145,TRX-81834414,100,5,Savings,14813006,4957270,0,Treasury Bills,3/20/2025,United States,2/17/2026 8:05
2146,TRX-05132783,422,4,Fixed Deposit,31169889,404983,629351,Fixed Deposit,1/26/2025,Nigeria,8/25/2025 23:08
2147,TRX-95607566,615,15,Domiciliary,45288901,2246218,494877,Treasury Bills,5/2/2026,Nigeria,7/21/2026 10:48
2148,TRX-34222718,93,2,Domiciliary,3935010,4849937,1669902,Treasury Bills,7/8/2026,Nigeria,11/29/2025 8:16
2149,TRX-23548241,694,1,Fixed Deposit,8697688,407435,1226758,Mutual Fund,6/20/2026,United States,10/21/2025 17:36
2150,TRX-79911269,630,16,Current,48201626,2145130,0,Fixed Deposit,4/25/2026,United States,4/13/2026 20:33
2151,TRX-28748240,71,12,Domiciliary,38665915,1738456,0,Treasury Bills,2/27/2026,United States,6/1/2026 17:07
2152,TRX-18376702,751,7,Current,30786371,1195761,849140,Mutual Fund,1/12/2026,Nigeria,9/30/2025 3:00
2153,TRX-38803162,735,9,Savings,173558,1854694,0,Fixed Deposit,2/23/2026,Nigeria,7/16/2026 22:55
2154,TRX-88165321,429,1,Domiciliary,40506650,2940075,0,Fixed Deposit,7/31/2026,Ireland,4/24/2026 21:08
2155,TRX-29990676,667,4,Savings,10599140,3734110,744825,Treasury Bills,3/14/2026,Ireland,11/7/2025 20:59
2156,TRX-43392622,772,2,Current,26148553,3686018,883061,None,3/3/2026,United States,8/21/2025 16:26
2157,TRX-35995860,255,11,Savings,25584288,2329929,98455,None,11/26/2025,Nigeria,11/25/2025 3:01
2158,TRX-85697464,321,15,Current,35043317,4727738,101562,Bonds,6/17/2026,United States,9/13/2025 20:26
2159,TRX-60007046,682,18,Current,27192726,4812454,707768,Bonds,3/3/2025,United States,5/4/2026 8:16
2160,TRX-65738483,753,16,Savings,46584050,4575349,213789,Treasury Bills,11/30/2025,Nigeria,8/15/2026 0:12
2161,TRX-68528493,13,17,Current,40608811,395587,0,Fixed Deposit,6/19/2025,United States,10/16/2025 1:07
2162,TRX-62996493,503,13,Fixed Deposit,46161779,297833,0,None,8/26/2025,Nigeria,2/4/2026 3:44
2163,TRX-06462345,461,3,Domiciliary,23106888,808868,0,Treasury Bills,5/23/2025,Ireland,8/6/2026 14:48
2164,TRX-96592063,621,8,Fixed Deposit,15570709,1499265,213493,Bonds,5/13/2025,Nigeria,5/2/2026 5:02
2165,TRX-57834825,445,15,Current,28394281,3795852,1576340,None,4/28/2026,United States,10/19/2025 5:24
2166,TRX-56455357,204,13,Current,21835069,1924849,0,Mutual Fund,5/28/2026,Nigeria,12/16/2025 8:57
2167,TRX-99773279,640,2,Fixed Deposit,10011821,1635381,0,Treasury Bills,9/7/2025,United States,1/17/2026 9:02
2168,TRX-38769804,5,16,Domiciliary,16596714,4097557,148229,Treasury Bills,3/13/2026,Ireland,5/22/2026 19:20
2169,TRX-60785631,719,9,Domiciliary,27725349,1381442,0,Treasury Bills,5/1/2026,Nigeria,10/14/2025 23:02
2170,TRX-02458342,224,5,Savings,6462322,16668,264777,None,1/25/2025,United States,11/27/2025 3:24
2171,TRX-37921574,394,9,Savings,41924054,3948636,1865914,Fixed Deposit,1/15/2025,Nigeria,11/30/2025 21:34
2172,TRX-58891659,755,6,Current,18809147,4688926,0,Bonds,3/20/2026,Nigeria,5/6/2026 7:39
2173,TRX-22093450,297,9,Domiciliary,15846824,2567038,0,None,7/22/2025,Nigeria,7/4/2026 5:05
2174,TRX-29401177,688,8,Savings,28154982,222679,0,Bonds,3/1/2025,Nigeria,10/8/2025 14:03
2175,TRX-08438954,508,17,Domiciliary,9723819,3896252,1247481,Treasury Bills,5/18/2026,Nigeria,8/6/2026 18:17
2176,TRX-37095450,62,8,Current,17665644,3393988,272339,Mutual Fund,2/20/2025,Nigeria,10/3/2025 22:36
2177,TRX-15207771,441,6,Domiciliary,48865252,2927258,1782681,Treasury Bills,4/29/2025,Nigeria,5/27/2026 23:32
2178,TRX-66724614,772,2,Domiciliary,25775407,1111149,574587,Fixed Deposit,3/30/2025,Nigeria,3/3/2026 11:26
2179,TRX-89981439,88,18,Savings,14929094,2608794,0,None,6/18/2025,Nigeria,1/11/2026 8:53
2180,TRX-32928312,419,5,Domiciliary,11046139,4797766,0,Bonds,7/10/2025,United States,1/11/2026 4:39
2181,TRX-94271781,636,14,Savings,30605309,3206666,1212399,Treasury Bills,6/3/2025,Nigeria,1/6/2026 10:52
2182,TRX-23014305,570,1,Domiciliary,21800146,3876467,0,Mutual Fund,5/6/2026,Nigeria,10/26/2025 23:55
2183,TRX-04202339,83,16,Fixed Deposit,16899895,13506,912781,Mutual Fund,1/28/2025,United States,5/6/2026 1:53
2184,TRX-28884480,505,2,Savings,22260950,4027720,1766429,Treasury Bills,2/6/2025,Nigeria,2/13/2026 10:04
2185,TRX-34646623,672,7,Savings,4281229,4870761,0,Fixed Deposit,4/22/2026,United States,6/24/2026 1:20
2186,TRX-99400613,721,16,Savings,6038457,3155286,297493,Fixed Deposit,4/23/2026,Nigeria,8/26/2025 11:42
2187,TRX-13271805,682,18,Fixed Deposit,3839725,4887723,0,None,2/10/2025,Nigeria,8/20/2025 0:18
2188,TRX-04194069,765,13,Savings,5251332,2766581,0,Treasury Bills,7/3/2025,Nigeria,10/9/2025 0:33
2189,TRX-71213713,438,3,Fixed Deposit,48860289,1244201,533325,None,8/1/2026,Nigeria,10/4/2025 18:26
2190,TRX-80352068,126,5,Current,41620405,3822622,0,Fixed Deposit,5/2/2026,Nigeria,4/5/2026 17:11
2191,TRX-07391609,85,17,Fixed Deposit,27809253,4506102,1361637,Treasury Bills,3/9/2026,Nigeria,7/21/2026 18:53
2192,TRX-70058586,190,10,Fixed Deposit,11070845,3064815,0,None,7/22/2025,Nigeria,3/22/2026 4:55
2193,TRX-27127312,338,5,Savings,39843926,391373,1761299,Mutual Fund,7/19/2026,United States,9/24/2025 9:44
2194,TRX-78286268,401,4,Savings,4394657,1387851,1552720,Bonds,4/5/2025,Nigeria,11/25/2025 6:20
2195,TRX-97984004,759,17,Current,25092576,2296609,657984,Treasury Bills,4/3/2026,United States,1/18/2026 15:23
2196,TRX-85646385,484,7,Current,5108339,4267537,234514,Bonds,1/22/2025,Nigeria,4/26/2026 14:12
2197,TRX-71155978,175,7,Fixed Deposit,13326563,612812,0,Bonds,3/6/2025,Nigeria,1/22/2026 2:54
2198,TRX-30133145,216,12,Savings,32119941,2072390,0,Fixed Deposit,3/15/2026,Nigeria,10/30/2025 9:10
2199,TRX-95962866,711,11,Domiciliary,25371993,1841289,0,Mutual Fund,11/6/2025,Ireland,4/1/2026 2:34
2200,TRX-78885487,227,10,Savings,968242,1702296,0,Bonds,12/23/2025,Nigeria,9/13/2025 13:56
2201,TRX-70986284,410,5,Fixed Deposit,21038563,39836,0,Bonds,2/16/2026,Nigeria,9/4/2025 16:49
2202,TRX-20797429,547,18,Domiciliary,15857414,2878755,0,Bonds,12/8/2025,Nigeria,6/5/2026 9:35
2203,TRX-19581449,456,12,Current,22020370,1144606,0,Mutual Fund,4/30/2025,United States,2/12/2026 13:13
2204,TRX-22080295,779,9,Fixed Deposit,16993118,3461611,0,Treasury Bills,6/23/2026,United States,6/1/2026 13:22
2205,TRX-33050813,641,5,Savings,5812592,3580902,0,Bonds,8/1/2025,United States,8/20/2025 1:10
2206,TRX-22312893,515,12,Savings,23971588,2610596,1753462,None,10/2/2025,Nigeria,5/29/2026 19:36
2207,TRX-36351572,27,18,Fixed Deposit,2687623,332979,0,Fixed Deposit,5/4/2025,United States,7/4/2026 4:11
2208,TRX-99412887,330,18,Domiciliary,12575294,1319232,0,None,9/7/2025,Nigeria,11/21/2025 6:11
2209,TRX-94567120,647,15,Savings,47860288,2959485,456961,Treasury Bills,12/4/2025,Ireland,4/19/2026 5:13
2210,TRX-60875624,301,17,Domiciliary,18378703,1212357,0,Fixed Deposit,5/15/2026,Nigeria,11/15/2025 19:51
2211,TRX-86194528,156,18,Savings,31864605,295215,0,Fixed Deposit,3/23/2025,Nigeria,1/10/2026 6:23
2212,TRX-62546817,149,12,Domiciliary,15672646,2759331,0,None,6/25/2026,Nigeria,9/15/2025 16:46
2213,TRX-41772951,39,14,Current,29176593,4521919,0,Mutual Fund,8/10/2025,Nigeria,2/25/2026 12:11
2214,TRX-64063283,147,18,Domiciliary,2912207,4152277,0,Treasury Bills,4/19/2026,United States,6/27/2026 10:36
2215,TRX-65356584,405,11,Domiciliary,46667743,60915,0,Bonds,6/19/2025,United States,1/2/2026 10:49
2216,TRX-31360325,257,16,Current,21688783,390033,251626,None,4/27/2026,Nigeria,3/11/2026 11:11
2217,TRX-68445190,347,1,Current,4304063,470741,0,None,5/13/2025,Nigeria,5/3/2026 11:04
2218,TRX-20709739,769,1,Savings,34038697,90431,0,Bonds,11/22/2025,Ireland,11/2/2025 12:36
2219,TRX-75167043,182,16,Savings,41651137,330421,1002572,Mutual Fund,8/4/2025,Nigeria,9/26/2025 14:28
2220,TRX-78720104,567,9,Current,40865348,2775637,0,Bonds,1/19/2025,Nigeria,5/19/2026 18:42
2221,TRX-97715827,589,3,Domiciliary,34988011,3705858,1091488,Mutual Fund,4/9/2025,Ireland,8/12/2026 5:42
2222,TRX-65485110,189,17,Current,19970348,4274960,0,Fixed Deposit,3/31/2026,United States,10/25/2025 19:25
2223,TRX-52878652,167,16,Fixed Deposit,34045174,3296996,0,Bonds,1/2/2026,Nigeria,2/14/2026 8:58
2224,TRX-09505240,513,8,Current,2174896,1062394,1737388,Bonds,7/26/2025,United States,12/20/2025 23:08
2225,TRX-25170262,445,15,Fixed Deposit,24839571,264337,0,Bonds,7/8/2025,Nigeria,2/16/2026 3:37
2226,TRX-26089618,762,14,Current,22017748,3369850,0,Fixed Deposit,6/17/2025,Nigeria,8/24/2025 4:54
2227,TRX-67972271,461,3,Current,30607414,3549655,1427194,Bonds,4/1/2025,Ireland,8/21/2025 3:10
2228,TRX-32156845,6,9,Current,3802413,996922,0,Mutual Fund,11/18/2025,Nigeria,6/10/2026 2:56
2229,TRX-33807920,274,4,Current,13571160,1059624,0,Treasury Bills,2/4/2026,United States,8/11/2026 18:42
2230,TRX-11848979,512,16,Current,45615472,4499362,0,Fixed Deposit,11/18/2025,Nigeria,4/2/2026 16:15
2231,TRX-17164635,239,13,Domiciliary,1553036,1728828,0,Mutual Fund,2/23/2026,Nigeria,8/19/2025 2:26
2232,TRX-78425188,364,5,Current,21179646,3525502,0,Treasury Bills,3/2/2025,Nigeria,10/7/2025 0:54
2233,TRX-92060896,124,5,Savings,19489901,3352500,0,Fixed Deposit,12/30/2025,Ireland,4/13/2026 20:32
2234,TRX-96235246,58,9,Savings,20231804,643887,469796,Mutual Fund,8/18/2025,Nigeria,12/11/2025 16:47
2235,TRX-72993200,260,5,Fixed Deposit,2986950,3383416,0,Fixed Deposit,6/7/2026,Nigeria,8/19/2025 12:13
2236,TRX-45026053,796,17,Fixed Deposit,8367743,4237843,0,Bonds,5/30/2025,United States,5/13/2026 19:33
2237,TRX-76935195,585,13,Current,41667083,1979260,123780,None,3/18/2026,Nigeria,10/12/2025 13:15
2238,TRX-82279206,426,1,Fixed Deposit,10471056,1484793,214245,Mutual Fund,4/14/2026,Nigeria,1/10/2026 18:38
2239,TRX-73198459,754,12,Current,28041530,3054280,969378,Bonds,9/8/2025,Nigeria,7/9/2026 5:10
2240,TRX-70522819,235,15,Domiciliary,22650107,2038667,1256055,Fixed Deposit,3/17/2026,United States,1/9/2026 15:19
2241,TRX-09943120,227,10,Current,21251301,2863918,1030074,None,10/20/2025,United States,5/15/2026 11:44
2242,TRX-13124141,26,8,Savings,36525730,565847,0,Bonds,7/23/2025,Nigeria,6/18/2026 19:20
2243,TRX-32959721,509,7,Savings,22103998,1605211,0,Mutual Fund,2/25/2026,United States,7/21/2026 22:30
2244,TRX-40545266,446,4,Fixed Deposit,36407702,1703948,0,Mutual Fund,1/14/2025,Nigeria,12/31/2025 18:18
2245,TRX-71577625,684,8,Current,5247606,3465953,1974536,Treasury Bills,3/17/2025,Nigeria,7/20/2026 14:11
2246,TRX-41985374,159,4,Domiciliary,27708292,784504,324869,Mutual Fund,2/13/2026,Nigeria,7/19/2026 14:51
2247,TRX-42292634,215,18,Savings,12728155,2390617,669611,None,5/22/2026,Nigeria,9/30/2025 6:48
2248,TRX-27079603,788,14,Current,28629980,821709,0,Fixed Deposit,11/16/2025,United States,6/16/2026 10:11
2249,TRX-50826267,581,4,Domiciliary,49341831,1880677,0,Treasury Bills,1/24/2025,Nigeria,3/26/2026 12:53
2250,TRX-40369391,92,13,Domiciliary,22613973,209950,0,None,5/21/2025,Nigeria,5/26/2026 16:05
2251,TRX-45497300,334,17,Savings,14192198,2210919,850739,Bonds,8/31/2025,United States,1/21/2026 23:59
2252,TRX-62921636,453,13,Savings,26226360,221208,785443,Fixed Deposit,1/3/2025,Nigeria,9/27/2025 7:03
2253,TRX-45031392,198,16,Current,46754862,1472372,0,Mutual Fund,9/16/2025,Nigeria,10/7/2025 14:59
2254,TRX-49939928,76,12,Domiciliary,29479653,1788530,845677,None,5/13/2026,United States,4/18/2026 12:07
2255,TRX-27311064,655,17,Current,19636276,4562933,0,Mutual Fund,3/15/2025,Nigeria,12/19/2025 13:37
2256,TRX-61498455,348,10,Fixed Deposit,24458428,2364662,0,Fixed Deposit,2/23/2025,Ireland,10/21/2025 6:04
2257,TRX-97400393,69,9,Savings,15831702,1982773,948435,Fixed Deposit,10/2/2025,United States,2/20/2026 0:48
2258,TRX-07264626,419,5,Current,47042516,266192,1764486,Bonds,9/10/2025,Ireland,6/2/2026 1:33
2259,TRX-41857171,348,10,Domiciliary,19146052,245247,678532,None,8/11/2025,Nigeria,6/1/2026 17:08
2260,TRX-13563787,646,14,Current,47401680,3982084,1985873,Bonds,2/5/2025,Nigeria,10/20/2025 3:03
2261,TRX-07085999,730,7,Domiciliary,12509394,141779,773141,Fixed Deposit,3/9/2025,Nigeria,5/24/2026 23:10
2262,TRX-55017422,187,16,Savings,9086308,170003,1303790,None,2/28/2025,Nigeria,12/19/2025 7:46
2263,TRX-89077457,542,2,Fixed Deposit,42393407,2149460,0,Mutual Fund,7/12/2025,Nigeria,11/25/2025 21:17
2264,TRX-31376263,9,1,Fixed Deposit,17166128,923698,1267215,Fixed Deposit,7/24/2025,Nigeria,4/24/2026 15:51
2265,TRX-99125846,54,11,Domiciliary,53930,2485882,1856366,None,12/19/2025,Nigeria,5/25/2026 8:07
2266,TRX-11168008,562,1,Current,36986702,4702978,1409521,Fixed Deposit,11/15/2025,Nigeria,10/21/2025 23:34
2267,TRX-02442028,779,9,Current,41573631,2162593,0,Mutual Fund,11/11/2025,Nigeria,9/11/2025 9:15
2268,TRX-32657204,68,17,Current,5629345,657998,1040763,Bonds,12/26/2025,Nigeria,5/7/2026 1:55
2269,TRX-25644850,73,10,Savings,36603184,2482312,0,Bonds,8/5/2025,Nigeria,8/11/2026 5:17
2270,TRX-02032188,106,2,Current,30988825,2533656,1126315,Bonds,6/14/2026,Nigeria,12/13/2025 18:10
2271,TRX-17673564,415,18,Current,23933929,1764233,0,None,12/26/2025,Nigeria,2/8/2026 0:29
2272,TRX-72164458,464,17,Domiciliary,34564165,4945591,521059,Mutual Fund,4/28/2026,Nigeria,3/23/2026 0:21
2273,TRX-62961790,550,10,Current,25064052,2031405,994289,Bonds,3/16/2026,United States,2/3/2026 23:55
2274,TRX-00273963,206,11,Current,4826245,3981507,1712363,Mutual Fund,2/22/2025,Ireland,11/15/2025 21:17
2275,TRX-52703375,583,4,Savings,34851926,3758440,1069395,Treasury Bills,11/15/2025,Nigeria,8/25/2025 19:21
2276,TRX-52907645,164,16,Domiciliary,612302,4342126,0,None,1/26/2026,Nigeria,4/30/2026 11:22
2277,TRX-72932229,550,10,Current,42782474,4014711,1286005,None,1/10/2025,Nigeria,8/1/2026 17:04
2278,TRX-26638387,673,9,Domiciliary,49649725,3472295,1158818,Treasury Bills,2/3/2025,Ireland,10/6/2025 10:53
2279,TRX-75712313,497,7,Current,35503969,1349674,0,None,10/1/2025,United States,9/6/2025 18:25
2280,TRX-33742313,148,3,Savings,13007397,3183949,642927,None,1/10/2025,Nigeria,12/27/2025 12:54
2281,TRX-86668674,126,5,Savings,20130355,991631,0,Fixed Deposit,9/10/2025,Nigeria,4/19/2026 19:43
2282,TRX-25579993,620,15,Current,2553323,4618551,0,Bonds,3/15/2025,Nigeria,9/13/2025 4:49
2283,TRX-99250660,7,8,Savings,35299474,437558,0,Bonds,12/26/2025,Nigeria,5/24/2026 11:31
2284,TRX-52465440,207,3,Domiciliary,11949624,4063625,468884,Treasury Bills,4/24/2026,Nigeria,12/3/2025 1:15
2285,TRX-49836158,722,10,Savings,9110161,4936888,1675294,Fixed Deposit,5/27/2026,United States,5/26/2026 5:29
2286,TRX-24365520,262,1,Current,18945965,4498271,1360255,Fixed Deposit,6/16/2025,United States,2/27/2026 23:25
2287,TRX-06528320,510,5,Current,36835398,4452172,0,Treasury Bills,6/4/2026,Nigeria,10/20/2025 8:08
2288,TRX-52542047,746,13,Current,7521314,2382612,1445789,None,2/21/2026,United States,5/14/2026 12:14
2289,TRX-02418987,695,1,Domiciliary,47026861,3107168,590694,Mutual Fund,1/19/2025,Nigeria,7/5/2026 2:18
2290,TRX-16639809,122,15,Current,26629892,3240799,0,Mutual Fund,1/16/2025,Nigeria,8/27/2025 5:00
2291,TRX-91939425,597,9,Fixed Deposit,8857147,4263449,1910044,Bonds,6/13/2026,Nigeria,11/21/2025 2:52
2292,TRX-77411529,506,2,Fixed Deposit,44364471,3844678,695551,Fixed Deposit,12/15/2025,Nigeria,6/3/2026 11:45
2293,TRX-61588738,677,17,Fixed Deposit,5623159,1529435,231969,Bonds,5/14/2025,Nigeria,6/11/2026 0:02
2294,TRX-22072774,63,6,Domiciliary,16980763,1722223,0,Bonds,1/3/2025,Nigeria,9/17/2025 15:39
2295,TRX-78719992,636,14,Savings,25794977,3484390,184982,Fixed Deposit,12/16/2025,Ireland,5/22/2026 10:20
2296,TRX-45875870,341,8,Current,43435207,305245,546290,None,12/23/2025,Nigeria,9/18/2025 6:35
2297,TRX-30947830,119,10,Current,24677729,1851651,0,Mutual Fund,7/22/2025,Nigeria,6/21/2026 6:03
2298,TRX-14220956,195,12,Fixed Deposit,14108618,3275623,1069637,None,10/1/2025,Nigeria,10/6/2025 0:08
2299,TRX-65127260,637,15,Current,15722246,1345196,0,Fixed Deposit,1/7/2025,Nigeria,6/24/2026 8:53
2300,TRX-88209911,676,9,Savings,39624624,4160378,2630,Mutual Fund,3/5/2025,Nigeria,10/22/2025 2:12
2301,TRX-50949239,241,8,Domiciliary,10630410,1644974,0,Treasury Bills,1/14/2025,Nigeria,4/9/2026 4:45
2302,TRX-09584586,542,2,Fixed Deposit,5231149,2476679,464515,Bonds,11/5/2025,Nigeria,11/29/2025 0:36
2303,TRX-43599642,742,9,Domiciliary,33827106,3227879,608642,None,3/21/2025,Nigeria,7/31/2026 14:17
2304,TRX-25002497,697,14,Current,30645103,3034568,0,Fixed Deposit,1/22/2025,Nigeria,10/1/2025 20:47
2305,TRX-51785924,235,15,Domiciliary,24028473,4848180,720787,Bonds,7/5/2026,Nigeria,12/18/2025 11:28
2306,TRX-83468408,555,4,Savings,10913605,1504509,0,Fixed Deposit,6/2/2026,Ireland,8/4/2026 13:19
2307,TRX-06721441,306,5,Fixed Deposit,37795089,4174393,0,None,3/6/2026,Nigeria,7/15/2026 15:28
2308,TRX-81665792,534,3,Current,49268414,3906136,0,Mutual Fund,10/13/2025,Nigeria,1/11/2026 15:44
2309,TRX-26199480,528,3,Fixed Deposit,43441788,1578762,344332,Fixed Deposit,3/19/2025,Nigeria,4/1/2026 18:57
2310,TRX-18195979,477,4,Domiciliary,45615932,4741735,0,None,7/19/2026,United States,1/4/2026 19:03
2311,TRX-93063397,372,13,Savings,1025616,3024375,0,Bonds,9/17/2025,United States,12/28/2025 0:35
2312,TRX-99333931,608,16,Domiciliary,11290141,1047584,949141,Treasury Bills,7/30/2026,Nigeria,9/6/2025 11:33
2313,TRX-66381623,656,2,Savings,35436997,1314634,0,None,1/31/2026,Nigeria,10/4/2025 10:29
2314,TRX-29011484,194,4,Current,39387092,3705556,0,Fixed Deposit,4/13/2026,Nigeria,7/22/2026 18:31
2315,TRX-74971992,250,17,Fixed Deposit,9778973,2197738,0,Bonds,5/2/2025,United States,3/14/2026 13:44
2316,TRX-41194884,121,18,Savings,39502132,3823601,0,Mutual Fund,9/26/2025,United States,2/28/2026 6:12
2317,TRX-57946362,660,12,Domiciliary,32350912,948170,0,None,7/24/2025,Nigeria,3/4/2026 8:11
2318,TRX-60056882,621,8,Savings,49610981,2420808,0,Fixed Deposit,4/25/2026,Nigeria,9/10/2025 3:15
2319,TRX-91655015,214,12,Savings,11913386,3914229,1850453,Bonds,1/10/2026,United States,6/12/2026 8:28
2320,TRX-56592903,702,16,Domiciliary,8254050,3062277,1430766,Treasury Bills,1/4/2026,United States,7/6/2026 5:32
2321,TRX-74778621,348,10,Fixed Deposit,15718125,4753899,0,Fixed Deposit,6/13/2025,Nigeria,7/5/2026 8:26
2322,TRX-55729442,147,18,Current,33380800,4831135,1150706,Bonds,7/15/2025,Ireland,10/10/2025 15:03
2323,TRX-71162773,702,16,Domiciliary,22830444,2975655,257850,Fixed Deposit,5/30/2026,Nigeria,9/20/2025 9:45
2324,TRX-27511249,461,3,Fixed Deposit,37240974,3984317,1983270,Mutual Fund,3/7/2026,Nigeria,10/3/2025 6:12
2325,TRX-06441094,381,10,Current,36988833,681836,0,None,2/17/2026,Nigeria,11/24/2025 3:25
2326,TRX-09535129,130,7,Current,46441632,680100,104917,Mutual Fund,8/9/2025,Nigeria,12/11/2025 7:02
2327,TRX-94547650,657,15,Fixed Deposit,30010913,2998317,614304,Fixed Deposit,2/12/2026,Nigeria,5/26/2026 14:33
2328,TRX-41092994,335,16,Fixed Deposit,7068179,3606951,0,Bonds,1/24/2025,Nigeria,4/25/2026 14:53
2329,TRX-85189564,159,4,Fixed Deposit,13687126,2502839,1751021,None,5/13/2025,Nigeria,9/27/2025 1:23
2330,TRX-80468648,506,2,Savings,17294186,2736888,203546,Treasury Bills,2/2/2025,Ireland,11/21/2025 13:02
2331,TRX-02029843,751,7,Savings,14088809,2896760,0,Bonds,8/14/2025,Nigeria,11/4/2025 16:45
2332,TRX-61873390,617,18,Domiciliary,7303764,979273,1498294,Fixed Deposit,10/25/2025,Nigeria,10/26/2025 6:02
2333,TRX-87416203,241,8,Current,4954242,67513,0,Treasury Bills,10/19/2025,United States,10/10/2025 9:37
2334,TRX-06146737,424,18,Savings,33113243,2579368,588114,Bonds,12/9/2025,Ireland,4/6/2026 11:45
2335,TRX-78512181,362,6,Fixed Deposit,21292611,710351,1451545,Treasury Bills,1/31/2025,Nigeria,9/28/2025 15:59
2336,TRX-59897648,403,17,Domiciliary,29325813,4003248,0,None,4/2/2025,Nigeria,9/21/2025 14:33
2337,TRX-25709109,533,1,Savings,35629321,1099425,0,Mutual Fund,8/14/2025,Nigeria,12/22/2025 7:44
2338,TRX-89806489,649,3,Domiciliary,18231573,1042891,353839,Fixed Deposit,11/9/2025,United States,10/18/2025 4:28
2339,TRX-44289921,457,12,Domiciliary,2824702,4785050,0,Mutual Fund,3/27/2026,Nigeria,2/26/2026 7:04
2340,TRX-46783913,695,1,Domiciliary,3558873,2209653,1116476,None,10/16/2025,United States,9/8/2025 15:23
2341,TRX-91666061,157,12,Savings,45046672,2982388,0,Fixed Deposit,1/5/2025,Nigeria,2/26/2026 10:39
2342,TRX-97437520,28,2,Domiciliary,22197026,2962130,0,Treasury Bills,10/18/2025,Nigeria,4/7/2026 4:35
2343,TRX-50033695,544,9,Current,44382124,286559,142439,Fixed Deposit,2/23/2025,Nigeria,11/26/2025 10:13
2344,TRX-16223022,61,6,Domiciliary,46052765,1192592,0,Treasury Bills,3/12/2026,Nigeria,7/9/2026 0:29
2345,TRX-47858063,576,2,Fixed Deposit,38037888,4008493,905385,Treasury Bills,6/30/2025,Nigeria,7/31/2026 7:28
2346,TRX-51992815,413,14,Savings,37214935,1720854,0,None,6/14/2025,Nigeria,12/16/2025 2:22
2347,TRX-44581154,465,1,Domiciliary,43807653,1248053,576214,Bonds,9/26/2025,Nigeria,6/16/2026 6:54
2348,TRX-06042996,137,13,Fixed Deposit,39135991,2382183,0,Fixed Deposit,3/23/2025,Nigeria,12/20/2025 22:35
2349,TRX-21316900,608,16,Domiciliary,30465061,670135,1315474,Mutual Fund,12/17/2025,Nigeria,10/22/2025 14:10
2350,TRX-08755987,325,5,Savings,28198898,35283,0,None,2/7/2025,Nigeria,3/30/2026 17:05
2351,TRX-76833021,678,9,Savings,10647607,3829191,0,Treasury Bills,2/14/2025,Nigeria,2/5/2026 0:23
2352,TRX-54403220,5,16,Current,21859191,4156219,1487420,Bonds,9/30/2025,Nigeria,11/26/2025 5:25
2353,TRX-98179128,241,8,Current,47064485,2626705,0,Fixed Deposit,5/16/2026,United States,11/11/2025 14:38
2354,TRX-43761252,442,15,Current,22736632,1973239,658109,None,11/29/2025,Nigeria,10/26/2025 8:30
2355,TRX-86560072,528,3,Domiciliary,15380282,3497770,0,Fixed Deposit,1/16/2025,United States,1/31/2026 20:14
2356,TRX-49185525,254,17,Domiciliary,35420973,1915603,0,Fixed Deposit,6/16/2025,Nigeria,2/1/2026 5:43
2357,TRX-94931900,567,9,Domiciliary,47583432,4468505,284203,Bonds,1/30/2025,United States,8/31/2025 7:51
2358,TRX-63336485,26,8,Domiciliary,39364778,3135292,0,Treasury Bills,1/23/2025,Nigeria,2/18/2026 9:46
2359,TRX-53407968,470,18,Savings,21766126,1262348,0,Fixed Deposit,5/23/2026,Ireland,6/18/2026 14:44
2360,TRX-14701828,257,16,Domiciliary,39934794,3023458,964217,Fixed Deposit,7/21/2025,Ireland,5/31/2026 18:53
2361,TRX-65440621,522,5,Current,32325457,4291393,1644482,Fixed Deposit,5/11/2026,Nigeria,7/12/2026 21:07
2362,TRX-71613092,229,18,Current,10483749,130536,1797692,Bonds,2/18/2025,Nigeria,4/7/2026 0:08
2363,TRX-59232439,159,4,Domiciliary,37258160,2200260,1779856,None,10/19/2025,Nigeria,4/18/2026 14:19
2364,TRX-03904606,48,7,Savings,36421912,4428602,1759132,Fixed Deposit,6/6/2026,Nigeria,3/1/2026 14:59
2365,TRX-90864179,83,16,Domiciliary,46848306,287229,700230,Fixed Deposit,3/23/2026,Nigeria,12/27/2025 14:24
2366,TRX-35670551,355,12,Current,13508870,3504507,1223215,Treasury Bills,7/15/2025,Nigeria,5/16/2026 11:01
2367,TRX-47559881,228,1,Domiciliary,23762400,1909119,248586,Bonds,5/8/2026,United States,3/27/2026 13:35
2368,TRX-81875865,201,5,Savings,2957465,1912589,1385837,Treasury Bills,2/24/2026,Nigeria,7/12/2026 21:39
2369,TRX-78084921,299,11,Current,9635786,2305350,0,Treasury Bills,2/20/2026,Nigeria,8/9/2026 8:18
2370,TRX-14046125,17,17,Current,27986076,1802481,1378140,Mutual Fund,8/8/2025,Nigeria,8/1/2026 15:50
2371,TRX-84641891,419,5,Savings,25663844,443488,703533,Treasury Bills,7/23/2025,Nigeria,5/12/2026 20:14
2372,TRX-67124550,536,5,Domiciliary,7772649,1071872,313774,Bonds,2/13/2025,United States,6/10/2026 12:44
2373,TRX-66750950,205,14,Fixed Deposit,23305991,2217856,920290,None,3/30/2026,Nigeria,8/12/2026 9:02
2374,TRX-86105630,150,3,Fixed Deposit,2520204,923495,895465,None,7/30/2025,Nigeria,7/6/2026 5:37
2375,TRX-31444368,582,13,Current,24411865,1636052,0,Mutual Fund,7/29/2026,Nigeria,8/6/2026 3:14
2376,TRX-03386876,795,14,Domiciliary,28412338,756391,0,Mutual Fund,3/19/2025,Nigeria,1/12/2026 20:30
2377,TRX-58453290,351,17,Current,18997696,1210276,0,Bonds,6/13/2025,Nigeria,8/24/2025 4:57
2378,TRX-78687672,309,7,Current,35542832,4885637,319892,Bonds,4/21/2026,Nigeria,12/19/2025 12:37
2379,TRX-51151332,658,10,Current,48978128,95004,1913114,Mutual Fund,4/30/2025,United States,1/30/2026 7:06
2380,TRX-39067037,141,11,Domiciliary,22361688,588077,0,Treasury Bills,7/21/2026,United States,9/9/2025 10:36
2381,TRX-64356964,496,4,Savings,38995068,4240550,0,Bonds,5/18/2025,Nigeria,4/2/2026 5:46
2382,TRX-79394269,298,13,Current,22116653,1986091,1102337,Fixed Deposit,5/27/2025,Nigeria,10/15/2025 22:15
2383,TRX-06696002,235,15,Savings,10504275,3855107,1722895,Mutual Fund,10/1/2025,Nigeria,7/4/2026 12:46
2384,TRX-64150916,224,5,Savings,16417906,2579696,0,Fixed Deposit,4/5/2026,Ireland,3/23/2026 12:39
2385,TRX-63709622,364,5,Current,7542910,764448,0,Treasury Bills,8/21/2025,Nigeria,1/13/2026 17:12
2386,TRX-50977568,614,7,Domiciliary,26421973,1766231,1085874,Mutual Fund,1/28/2026,United States,4/6/2026 5:40
2387,TRX-06224176,150,3,Savings,25912460,2807973,1120203,Treasury Bills,7/10/2025,Nigeria,9/16/2025 1:07
2388,TRX-80855002,326,13,Domiciliary,21629260,1427963,1216658,Fixed Deposit,8/5/2025,Nigeria,1/31/2026 5:18
2389,TRX-47589530,246,10,Fixed Deposit,32689134,1226334,0,Treasury Bills,1/5/2026,Ireland,12/29/2025 21:04
2390,TRX-97566205,24,4,Current,29083981,4863116,0,Fixed Deposit,2/6/2026,United States,7/22/2026 6:02
2391,TRX-98132569,500,9,Current,24174316,4021075,1198173,Mutual Fund,3/24/2026,Nigeria,3/7/2026 7:27
2392,TRX-57626697,510,5,Fixed Deposit,35354037,328527,163200,Treasury Bills,1/3/2026,Nigeria,9/21/2025 12:05
2393,TRX-20220002,585,13,Domiciliary,16260978,368819,855465,Bonds,1/26/2026,Nigeria,1/29/2026 0:30
2394,TRX-28250816,262,1,Savings,32975557,2944,0,Mutual Fund,5/24/2026,Nigeria,10/12/2025 19:13
2395,TRX-45734800,542,2,Current,5453752,1224788,0,Mutual Fund,12/7/2025,Nigeria,6/10/2026 2:54
2396,TRX-95580897,569,14,Current,41266011,1752396,0,None,2/11/2026,Nigeria,6/20/2026 7:20
2397,TRX-06424052,83,16,Domiciliary,27335071,1863350,0,Bonds,1/1/2025,Nigeria,5/2/2026 9:53
2398,TRX-56362482,398,17,Current,19979360,40669,0,Bonds,3/4/2025,Nigeria,3/9/2026 12:55
2399,TRX-48213532,132,5,Fixed Deposit,23448534,3899197,1073137,Fixed Deposit,5/27/2025,United States,3/25/2026 16:48
2400,TRX-08046466,121,18,Current,28500701,2813323,0,Bonds,6/16/2026,United States,11/18/2025 9:27
2401,TRX-87403055,381,10,Savings,12040899,1603547,0,None,2/28/2025,Ireland,9/22/2025 8:12
2402,TRX-43463181,206,11,Current,19729471,4554285,0,Bonds,2/2/2026,Nigeria,8/20/2025 5:39
2403,TRX-13788487,717,2,Fixed Deposit,47170391,4549307,0,Bonds,3/14/2025,Nigeria,3/8/2026 20:45
2404,TRX-36175042,344,16,Fixed Deposit,46635591,271426,347275,None,7/5/2025,United States,5/27/2026 1:31
2405,TRX-82884504,605,4,Domiciliary,10619352,616471,1535653,None,7/3/2025,Nigeria,10/30/2025 20:59
2406,TRX-77364346,679,6,Domiciliary,27602897,639296,0,Bonds,7/22/2025,Nigeria,12/31/2025 13:55
2407,TRX-01955800,747,3,Fixed Deposit,1316239,50007,0,Bonds,2/16/2026,Nigeria,12/20/2025 22:09
2408,TRX-26948922,782,12,Domiciliary,7806246,2701190,724028,Treasury Bills,3/6/2026,Nigeria,9/6/2025 0:24
2409,TRX-07548906,142,3,Fixed Deposit,19316369,1785776,0,Treasury Bills,6/21/2025,Nigeria,4/23/2026 0:49
2410,TRX-54915581,795,14,Fixed Deposit,9613474,333575,488428,Fixed Deposit,6/14/2026,Nigeria,2/27/2026 16:17
2411,TRX-68547995,771,7,Fixed Deposit,18883145,2902562,0,Mutual Fund,1/14/2025,Nigeria,6/26/2026 5:02
2412,TRX-84470708,401,4,Savings,21366287,784825,0,Fixed Deposit,5/18/2025,Nigeria,12/27/2025 3:02
2413,TRX-07919598,687,1,Domiciliary,5653496,1811575,0,None,6/20/2026,Nigeria,11/16/2025 12:07
2414,TRX-32021333,134,9,Domiciliary,26944318,485303,0,None,5/31/2025,Nigeria,1/14/2026 21:12
2415,TRX-56645574,610,13,Fixed Deposit,16129454,3289016,0,Bonds,6/19/2026,Nigeria,10/26/2025 15:11
2416,TRX-43482283,299,11,Current,6493106,4431502,1413371,Mutual Fund,11/9/2025,United States,6/26/2026 17:13
2417,TRX-94641204,466,3,Fixed Deposit,23809975,2713601,1735955,Bonds,7/31/2025,Ireland,3/5/2026 0:34
2418,TRX-51204328,720,10,Domiciliary,21380076,3211138,0,Fixed Deposit,11/24/2025,Nigeria,12/15/2025 10:20
2419,TRX-14749430,159,4,Current,10531707,3797717,411253,Mutual Fund,8/21/2025,Nigeria,8/2/2026 11:16
2420,TRX-92732577,320,9,Fixed Deposit,9266906,921589,0,Bonds,5/17/2025,Nigeria,5/20/2026 6:59
2421,TRX-30575836,733,4,Fixed Deposit,14898547,2436465,1448202,Bonds,7/21/2025,United States,5/2/2026 14:38
2422,TRX-79056048,527,10,Savings,11609613,2262605,1688126,Treasury Bills,2/1/2026,Nigeria,1/9/2026 6:30
2423,TRX-36823911,571,2,Fixed Deposit,41935465,734002,1906141,Bonds,7/4/2026,United States,5/13/2026 9:41
2424,TRX-96918394,52,10,Domiciliary,24235652,807124,0,Fixed Deposit,1/29/2025,Nigeria,11/20/2025 1:27
2425,TRX-64670966,520,18,Domiciliary,26468626,754492,0,Treasury Bills,7/25/2026,Nigeria,9/10/2025 7:24
2426,TRX-90734992,313,8,Savings,1138186,2139056,611522,Mutual Fund,10/11/2025,Nigeria,8/27/2025 12:34
2427,TRX-26201088,81,2,Savings,48920420,3649509,0,None,9/30/2025,Nigeria,5/19/2026 16:49
2428,TRX-35928073,671,9,Fixed Deposit,5162704,2592446,0,None,4/8/2026,United States,12/5/2025 11:41
2429,TRX-35169982,350,9,Fixed Deposit,43795506,96261,0,None,9/26/2025,United States,6/5/2026 7:33
2430,TRX-23218167,699,2,Domiciliary,48543932,2793936,0,Fixed Deposit,7/31/2026,Nigeria,8/22/2025 23:10
2431,TRX-71819976,796,17,Savings,13898240,3282627,334712,Bonds,7/20/2026,Nigeria,5/17/2026 9:54
2432,TRX-90182635,580,4,Fixed Deposit,45243970,482155,0,None,4/3/2026,Nigeria,5/6/2026 11:07
2433,TRX-30424045,465,1,Current,8641681,1693704,0,Mutual Fund,12/26/2025,Nigeria,1/25/2026 22:18
2434,TRX-10706561,7,8,Current,14047259,1194767,0,Fixed Deposit,9/9/2025,Nigeria,4/20/2026 21:29
2435,TRX-47629467,732,11,Domiciliary,24136032,2813874,0,Mutual Fund,1/23/2025,Nigeria,5/31/2026 16:46
2436,TRX-96076285,585,13,Domiciliary,33198163,4362565,0,Fixed Deposit,12/6/2025,Nigeria,11/16/2025 15:31
2437,TRX-07484925,393,10,Current,33989230,1073771,0,Mutual Fund,4/29/2026,United States,7/8/2026 2:10
2438,TRX-95837235,730,7,Fixed Deposit,8986067,2656216,1060085,Fixed Deposit,5/5/2026,United States,3/21/2026 16:30
2439,TRX-06488628,299,11,Current,12272066,37599,1555559,Treasury Bills,7/3/2026,Nigeria,10/30/2025 21:08
2440,TRX-64943493,18,4,Current,44045196,3953598,0,Mutual Fund,5/10/2026,Nigeria,1/31/2026 3:44
2441,TRX-03872176,227,10,Fixed Deposit,1624917,3898859,1667275,Fixed Deposit,7/15/2025,United States,4/22/2026 19:42
2442,TRX-34273874,625,9,Domiciliary,17545239,804588,1503298,Treasury Bills,2/3/2025,Nigeria,5/1/2026 9:29
2443,TRX-43348764,359,17,Fixed Deposit,45105580,4626284,1983740,Mutual Fund,8/11/2025,Nigeria,11/12/2025 21:18
2444,TRX-02939103,783,3,Savings,14387334,935284,571817,Treasury Bills,5/22/2025,Nigeria,12/23/2025 1:53
2445,TRX-38415195,410,5,Current,18695485,4004694,550278,Fixed Deposit,9/22/2025,Nigeria,1/16/2026 18:56
2446,TRX-20593849,247,12,Savings,48856701,126143,0,Bonds,7/28/2026,Nigeria,5/25/2026 4:41
2447,TRX-03416971,530,10,Domiciliary,37007391,221149,1961288,Bonds,3/9/2026,Nigeria,7/2/2026 20:01
2448,TRX-43996232,653,2,Savings,45610673,420577,1762825,Bonds,6/25/2025,Nigeria,12/16/2025 18:13
2449,TRX-89099890,471,5,Domiciliary,2555342,3761113,509658,Bonds,7/5/2026,United States,8/2/2026 6:20
2450,TRX-30893115,140,13,Savings,17203891,1365535,1621125,Bonds,8/4/2025,Nigeria,8/7/2026 8:27
2451,TRX-36390678,34,12,Savings,49932393,4575084,1772002,Fixed Deposit,3/5/2025,Nigeria,6/19/2026 15:10
2452,TRX-34558347,31,8,Current,16097972,4260520,0,Fixed Deposit,1/4/2026,Nigeria,8/15/2026 15:14
2453,TRX-19658112,98,3,Savings,3131970,4313962,0,Mutual Fund,2/2/2025,United States,3/10/2026 13:02
2454,TRX-23510319,43,17,Domiciliary,47438121,952414,1748462,Treasury Bills,5/15/2025,Nigeria,7/7/2026 5:50
2455,TRX-13410534,165,15,Fixed Deposit,12469403,1006161,254639,Bonds,1/7/2025,United States,3/8/2026 13:42
2456,TRX-46488175,720,10,Domiciliary,42426689,1268505,769572,Bonds,4/28/2025,Ireland,5/19/2026 9:30
2457,TRX-84567391,674,12,Domiciliary,6611726,2518059,0,Fixed Deposit,9/12/2025,United States,5/27/2026 18:53
2458,TRX-67739720,759,17,Fixed Deposit,30792471,1531793,0,Fixed Deposit,8/20/2025,United States,8/7/2026 12:36
2459,TRX-09461857,557,1,Fixed Deposit,39373228,2886745,1416945,Fixed Deposit,9/3/2025,Nigeria,11/2/2025 17:46
2460,TRX-11513017,73,10,Current,1946321,1107251,1053562,None,4/3/2025,Nigeria,11/6/2025 4:54
2461,TRX-43831968,792,4,Fixed Deposit,25478435,990215,0,Mutual Fund,4/15/2026,Nigeria,9/4/2025 2:17
2462,TRX-97703360,736,15,Savings,41548437,4099034,537601,Fixed Deposit,8/28/2025,Nigeria,2/4/2026 1:08
2463,TRX-09522936,70,14,Current,10661996,1448202,0,Mutual Fund,2/3/2026,United States,4/26/2026 21:41
2464,TRX-30403342,659,2,Current,37828677,2554667,444165,Mutual Fund,8/8/2025,Nigeria,4/29/2026 18:14
2465,TRX-40990080,564,11,Current,11327177,3207091,818356,Mutual Fund,11/19/2025,United States,12/30/2025 11:39
2466,TRX-03287397,365,6,Domiciliary,4299074,3880736,0,Fixed Deposit,5/29/2026,Ireland,12/30/2025 18:01
2467,TRX-64708571,100,5,Current,30435994,646403,0,Treasury Bills,12/1/2025,Ireland,1/14/2026 11:55
2468,TRX-78533345,3,5,Domiciliary,41605217,3486757,0,Mutual Fund,3/14/2026,Nigeria,1/12/2026 23:18
2469,TRX-69844111,675,10,Domiciliary,11862530,2984571,0,Bonds,7/13/2026,Nigeria,8/5/2026 3:07
2470,TRX-81144988,582,13,Current,43369080,2751368,1334998,Bonds,5/20/2026,Ireland,2/14/2026 6:53
2471,TRX-45106730,107,12,Current,48474250,3869071,0,Fixed Deposit,12/11/2025,Ireland,10/22/2025 1:28
2472,TRX-88147061,722,10,Savings,33981075,1875777,1175781,Mutual Fund,12/14/2025,Ireland,9/6/2025 20:58
2473,TRX-65130847,766,17,Domiciliary,23727712,3514808,1420011,None,3/6/2026,United States,11/17/2025 13:54
2474,TRX-52486641,280,18,Domiciliary,1579117,2668183,0,None,3/26/2026,Nigeria,3/19/2026 0:51
2475,TRX-28982489,299,11,Current,48657703,644355,970527,Treasury Bills,11/13/2025,Nigeria,2/1/2026 11:55
2476,TRX-67917077,797,6,Fixed Deposit,5805288,2558269,0,Fixed Deposit,4/10/2026,Nigeria,2/15/2026 10:42
2477,TRX-27747220,75,17,Current,18071357,2649732,1592790,None,7/31/2025,Nigeria,1/4/2026 5:39
2478,TRX-13390231,558,13,Savings,30993116,923303,0,Treasury Bills,12/25/2025,Nigeria,7/15/2026 0:07
2479,TRX-49799416,639,3,Fixed Deposit,49894956,4152289,0,Fixed Deposit,5/27/2026,Nigeria,5/16/2026 13:34
2480,TRX-93651070,475,17,Current,27771198,2248228,1983717,Bonds,3/15/2026,United States,11/10/2025 5:56
2481,TRX-91793946,330,18,Fixed Deposit,49694840,2549486,410289,Bonds,6/22/2026,Ireland,4/30/2026 17:59
2482,TRX-61142960,25,17,Fixed Deposit,11440555,3444334,1535844,Bonds,1/9/2025,Nigeria,12/8/2025 12:02
2483,TRX-68140479,586,1,Savings,27346348,3755304,1203300,None,9/17/2025,Nigeria,6/4/2026 12:34
2484,TRX-56825986,484,7,Domiciliary,44674097,2445518,1341379,Mutual Fund,5/17/2026,United States,2/18/2026 6:18
2485,TRX-65043186,591,18,Savings,42365995,4838952,931306,Fixed Deposit,11/2/2025,Nigeria,9/5/2025 21:08
2486,TRX-70564292,482,15,Domiciliary,44361923,18774,0,None,7/29/2025,Nigeria,8/29/2025 16:05
2487,TRX-88699510,273,4,Savings,31353881,353902,0,Bonds,4/29/2026,Nigeria,1/31/2026 12:13
2488,TRX-21037341,596,17,Domiciliary,43337426,537517,0,Treasury Bills,2/25/2025,Nigeria,4/24/2026 22:34
2489,TRX-39926181,488,13,Current,12593718,1928736,0,Mutual Fund,5/9/2025,Ireland,5/26/2026 6:41
2490,TRX-22653714,11,3,Domiciliary,6322658,835181,0,Mutual Fund,4/26/2025,Nigeria,3/4/2026 17:28
2491,TRX-67978659,725,13,Current,5303932,1079358,807311,Treasury Bills,4/26/2025,United States,6/30/2026 0:33
2492,TRX-47013036,7,8,Domiciliary,18247054,4571214,821221,Mutual Fund,5/14/2026,Nigeria,6/16/2026 21:22
2493,TRX-77898698,407,1,Savings,234154,4402015,0,Treasury Bills,5/10/2025,Nigeria,1/14/2026 19:15
2494,TRX-59705878,623,6,Current,31253095,2789371,0,Mutual Fund,6/23/2025,Nigeria,2/3/2026 19:32
2495,TRX-05849318,110,13,Savings,28484371,438069,0,Treasury Bills,10/21/2025,Nigeria,12/16/2025 14:04
2496,TRX-70436998,503,13,Fixed Deposit,13419251,4679199,452682,Treasury Bills,6/1/2026,United States,11/22/2025 8:51
2497,TRX-12260547,340,11,Fixed Deposit,9981778,3548606,0,Treasury Bills,3/10/2026,Nigeria,9/15/2025 12:17
2498,TRX-88053107,753,16,Savings,49274353,420633,1335543,None,1/8/2026,Nigeria,7/13/2026 23:03
2499,TRX-75185138,414,9,Savings,30748200,4328867,0,Treasury Bills,2/17/2026,Nigeria,2/17/2026 13:01
2500,TRX-44322608,391,10,Fixed Deposit,49676316,4828511,383306,Bonds,5/28/2025,United States,11/14/2025 5:56
